check,descriptor,n_ran,n_failed,failure_rate,mean_failing,mean_passing,cohens_d,abs_d
double_bond_stereochemistry_preserved,clogp,2134,30,0.014058106841611996,4.944028999999998,1.0630369581749064,1.311395077928417,1.311395077928417
sp3_stereochemistry_preserved,n_stereocentres,2134,456,0.21368322399250234,4.723684210526316,1.7407628128724673,1.0870554037644014,1.0870554037644014
double_bond_stereochemistry_preserved,n_rotatable_bonds,2134,30,0.014058106841611996,9.2,5.27851711026616,1.0717029361438215,1.0717029361438215
double_bond_flatness_passes,formal_charge,2134,18,0.008434864104967198,0.2222222222222222,0.017013232514177693,1.0694461729404319,1.0694461729404319
double_bond_flatness_passes,clogp,2134,18,0.008434864104967198,4.238352222222221,1.0910492863894152,1.0559094584102906,1.0559094584102906
energy_ratio_within_threshold,n_rotatable_bonds,2134,707,0.331302717900656,7.502121640735502,4.259285213735109,0.9659452243563411,0.9659452243563411
no_internal_clashes,n_rotatable_bonds,2134,608,0.2849109653233365,7.592105263157895,4.433813892529489,0.9285751457725285,0.9285751457725285
double_bond_flatness_passes,mw,2134,18,0.008434864104967198,514.2752222222222,371.409418241966,0.8773482160880858,0.8773482160880858
double_bond_flatness_passes,n_aliphatic_rings,2134,18,0.008434864104967198,1.7222222222222223,0.8865784499054821,0.8763835307943473,0.8763835307943473
no_internal_clashes,mw,2134,608,0.2849109653233365,467.6718552631579,334.74101900393197,0.8749309551549284,0.8749309551549284
no_internal_clashes,heavy_atoms,2134,608,0.2849109653233365,31.776315789473685,22.851900393184795,0.860172817388928,0.860172817388928
double_bond_stereochemistry_preserved,heavy_atoms,2134,30,0.014058106841611996,34.766666666666666,25.26093155893536,0.8583888320412776,0.8583888320412776
sp3_stereochemistry_preserved,hbd,2134,456,0.21368322399250234,4.995614035087719,3.025625744934446,0.844559637440274,0.844559637440274
double_bond_flatness_passes,heavy_atoms,2134,18,0.008434864104967198,34.55555555555556,25.31663516068053,0.8324673655571395,0.8324673655571395
double_bond_flatness_passes,n_rotatable_bonds,2134,18,0.008434864104967198,8.277777777777779,5.308601134215501,0.8072512177290317,0.8072512177290317
energy_ratio_within_threshold,mw,2134,707,0.331302717900656,454.76151202263094,331.91513244569035,0.8040917284889093,0.8040917284889093
energy_ratio_within_threshold,heavy_atoms,2134,707,0.331302717900656,30.813295615275813,22.709880868955853,0.775014567206322,0.775014567206322
sp3_stereochemistry_preserved,tpsa,2134,456,0.21368322399250234,173.3009210526316,114.63469010727057,0.756350912552757,0.756350912552757
double_bond_stereochemistry_preserved,mw,2134,30,0.014058106841611996,493.9392666666667,370.88455560836513,0.7562463413409322,0.7562463413409322
sp3_stereochemistry_preserved,hba,2134,456,0.21368322399250234,8.581140350877194,5.725268176400477,0.7450958656615544,0.7450958656615544
sp3_stereochemistry_preserved,fraction_csp3,2134,456,0.21368322399250234,0.5731247598538949,0.3855033657335761,0.7193750188327575,0.7193750188327575
no_volume_clash_with_inorganic_cofactors,clogp,2134,16,0.007497656982193065,-0.9528274999999992,1.1332369546742223,-0.6978864486259405,0.6978864486259405
aromatic_ring_flatness_passes,n_aromatic_rings,2134,160,0.07497656982193064,2.69375,1.801418439716312,0.6782625787345927,0.6782625787345927
no_internal_clashes,n_heteroatoms,2134,608,0.2849109653233365,12.355263157894736,8.56618610747051,0.673922138968357,0.673922138968357
bond_lengths_within_bounds,mw,2134,306,0.14339268978444236,464.28580718954265,357.26905142231954,0.6730867385440978,0.6730867385440978
bond_lengths_within_bounds,heavy_atoms,2134,306,0.14339268978444236,31.630718954248366,24.350656455142232,0.6719821204836379,0.6719821204836379
energy_ratio_within_threshold,n_heteroatoms,2134,707,0.331302717900656,12.14992927864215,8.405045550105116,0.667987966916485,0.667987966916485
sp3_stereochemistry_preserved,clogp,2134,456,0.21368322399250234,-0.36761638157894583,1.521206019070323,-0.6529807170069782,0.6529807170069782
energy_ratio_within_threshold,tpsa,2134,707,0.331302717900656,160.8338613861386,110.49242466713385,0.6481164465622996,0.6481164465622996
sp3_stereochemistry_preserved,n_aliphatic_rings,2134,456,0.21368322399250234,1.361842105263158,0.766388557806913,0.643816885706204,0.643816885706204
no_volume_clash_with_inorganic_cofactors,n_rings,2134,16,0.007497656982193065,1.6875,2.7700661000944287,-0.6391428935707745,0.6391428935707745
no_internal_clashes,hba,2134,608,0.2849109653233365,8.088815789473685,5.636959370904325,0.6365386270135317,0.6365386270135317
sp3_stereochemistry_preserved,n_heteroatoms,2134,456,0.21368322399250234,12.478070175438596,8.876042908224075,0.6332280167719578,0.6332280167719578
energy_ratio_within_threshold,hba,2134,707,0.331302717900656,7.954738330975955,5.533286615276804,0.6302246296733653,0.6302246296733653
double_bond_flatness_passes,n_aromatic_rings,2134,18,0.008434864104967198,1.0555555555555556,1.8752362948960302,-0.6142919697033677,0.6142919697033677
no_internal_clashes,tpsa,2134,608,0.2849109653233365,161.3179111842105,113.56549148099607,0.6099032538169442,0.6099032538169442
aromatic_ring_flatness_passes,n_rings,2134,160,0.07497656982193064,3.70625,2.685410334346505,0.6094951837933218,0.6094951837933218
no_volume_clash_with_inorganic_cofactors,n_aromatic_rings,2134,16,0.007497656982193065,1.0625,1.874409820585458,-0.6083461426938438,0.6083461426938438
aromatic_ring_flatness_passes,heavy_atoms,2134,160,0.07497656982193064,31.49375,24.900202634245186,0.5997420630845208,0.5997420630845208
no_volume_clash_with_inorganic_cofactors,heavy_atoms,2134,16,0.007497656982193065,18.875,25.4438149197356,-0.5909366836158872,0.5909366836158872
double_bond_stereochemistry_preserved,n_aliphatic_rings,2134,30,0.014058106841611996,1.4333333333333333,0.8859315589353612,0.5735565971612686,0.5735565971612686
energy_ratio_within_threshold,rot_per_heavy_atom,2134,707,0.331302717900656,0.24972364080620893,0.18455708328711912,0.5715744998759437,0.5715744998759437
bond_angles_within_bounds,mw,2134,301,0.14104967197750704,450.7537408637875,359.7830916530279,0.5676407611531683,0.5676407611531683
energy_ratio_within_threshold,hbd,2134,707,0.331302717900656,4.3507779349363505,2.9985984583041345,0.5669583748562819,0.5669583748562819
no_clashes_with_protein,n_rotatable_bonds,2134,1785,0.8364573570759137,5.662745098039216,3.650429799426934,0.5570884326610462,0.5570884326610462
energy_ratio_within_threshold,n_stereocentres,2134,707,0.331302717900656,3.4526166902404527,1.8458304134548003,0.5526309662829555,0.5526309662829555
no_clashes_with_protein,tpsa,2134,1785,0.8364573570759137,134.3460056022409,90.47166189111749,0.5513854392927506,0.5513854392927506
bond_angles_within_bounds,heavy_atoms,2134,301,0.14104967197750704,30.564784053156146,24.5455537370431,0.5506453570811296,0.5506453570811296
no_clashes_with_protein,mw,2134,1785,0.8364573570759137,386.9233467787116,299.4301117478511,0.5464168745796237,0.5464168745796237
no_clashes_with_protein,n_heteroatoms,2134,1785,0.8364573570759137,10.15798319327731,7.025787965616046,0.5436318438802433,0.5436318438802433
aromatic_ring_flatness_passes,mw,2134,160,0.07497656982193064,453.2795437500002,366.07626950354614,0.5391630939429789,0.5391630939429789
no_volume_clash_with_inorganic_cofactors,mw,2134,16,0.007497656982193065,286.687875,373.2635868744099,-0.5305175161302828,0.5305175161302828
no_clashes_with_protein,hba,2134,1785,0.8364573570759137,6.671148459383754,4.6189111747851,0.521503357233733,0.521503357233733
no_clashes_with_protein,heavy_atoms,2134,1785,0.8364573570759137,26.315406162464985,20.68481375358166,0.5149788477572768,0.5149788477572768
double_bond_stereochemistry_preserved,n_aromatic_rings,2134,30,0.014058106841611996,1.2,1.877851711026616,-0.5081083003011487,0.5081083003011487
bond_lengths_within_bounds,n_rotatable_bonds,2134,306,0.14339268978444236,6.898692810457517,5.071663019693654,0.5030247132782297,0.5030247132782297
no_volume_clash_with_inorganic_cofactors,largest_ring_size,2134,16,0.007497656982193065,4.4375,5.651558073654391,-0.4998597901392727,0.4998597901392727
double_bond_stereochemistry_preserved,largest_ring_size,2134,30,0.014058106841611996,6.833333333333333,5.6254752851711025,0.49769793425115233,0.49769793425115233
no_clashes_with_protein,hbd,2134,1785,0.8364573570759137,3.641456582633053,2.4498567335243555,0.4906108568300574,0.4906108568300574
no_internal_clashes,n_stereocentres,2134,608,0.2849109653233365,3.388157894736842,1.9757536041939712,0.4810843807669922,0.4810843807669922
bond_lengths_within_bounds,n_rings,2134,306,0.14339268978444236,3.450980392156863,2.6466083150984683,0.48087048253208137,0.48087048253208137
no_internal_clashes,hbd,2134,608,0.2849109653233365,4.261513157894737,3.1218872870249017,0.47203820218575715,0.47203820218575715
bond_lengths_within_bounds,n_heteroatoms,2134,306,0.14339268978444236,11.986928104575163,9.25382932166302,0.4713564050284702,0.4713564050284702
double_bond_stereochemistry_preserved,rot_per_heavy_atom,2134,30,0.014058106841611996,0.25972484625242515,0.2053829973921749,0.4609290636667922,0.4609290636667922
no_volume_clash_with_inorganic_cofactors,n_amide_bonds,2134,16,0.007497656982193065,0.125,0.4985835694050991,-0.457558658274979,0.457558658274979
no_internal_clashes,rot_per_heavy_atom,2134,608,0.2849109653233365,0.24341788905361006,0.19129717913244676,0.4504808033344976,0.4504808033344976
no_volume_clash_with_organic_cofactors,n_aromatic_rings,2134,200,0.09372071227741331,1.33,1.9239917269906928,-0.44823252091851945,0.44823252091851945
sp3_stereochemistry_preserved,mw,2134,456,0.21368322399250234,427.72842763157905,357.63713945172833,0.4358550760883794,0.4358550760883794
bond_angles_within_bounds,n_heteroatoms,2134,301,0.14104967197750704,11.820598006644518,9.288597926895799,0.4357620960728214,0.4357620960728214
aromatic_ring_flatness_passes,fraction_csp3,2134,160,0.07497656982193064,0.3182990627441463,0.4342916353370077,-0.42928138920604764,0.42928138920604764
bond_angles_within_bounds,n_rotatable_bonds,2134,301,0.14104967197750704,6.677740863787376,5.112929623567921,0.4289889080522675,0.4289889080522675
no_volume_clash_with_organic_cofactors,n_rings,2134,200,0.09372071227741331,2.11,2.829369183040331,-0.42734757179965965,0.42734757179965965
bond_lengths_within_bounds,hba,2134,306,0.14339268978444236,7.771241830065359,6.095185995623632,0.42276458309160875,0.42276458309160875
no_clashes_with_protein,n_stereocentres,2134,1785,0.8364573570759137,2.580952380952381,1.340974212034384,0.41762524773683446,0.41762524773683446
no_internal_clashes,n_rings,2134,608,0.2849109653233365,3.258223684210526,2.5642201834862384,0.4162811085656623,0.4162811085656623
no_volume_clash_with_organic_cofactors,mw,2134,200,0.09372071227741331,312.82661500000006,378.797290589452,-0.4066600910304106,0.4066600910304106
no_internal_clashes,n_amide_bonds,2134,608,0.2849109653233365,0.7269736842105263,0.4036697247706422,0.4021400458489163,0.4021400458489163
aromatic_ring_flatness_passes,n_halogens,2134,160,0.07497656982193064,0.95,0.4827760891590679,0.3998837768247056,0.3998837768247056
no_volume_clash_with_organic_cofactors,heavy_atoms,2134,200,0.09372071227741331,21.41,25.806618407445708,-0.3976568406289602,0.3976568406289602
bond_lengths_within_bounds,n_aliphatic_rings,2134,306,0.14339268978444236,1.2124183006535947,0.8402625820568927,0.39272179044480665,0.39272179044480665
sp3_stereochemistry_preserved,heavy_atoms,2134,456,0.21368322399250234,28.70394736842105,24.49523241954708,0.382758483589268,0.382758483589268
bond_lengths_within_bounds,tpsa,2134,306,0.14339268978444236,153.50117647058823,122.76305798687089,0.38187769715241987,0.38187769715241987
double_bond_flatness_passes,n_halogens,2134,18,0.008434864104967198,0.9444444444444444,0.5141776937618148,0.36643187325315735,0.36643187325315735
aromatic_ring_flatness_passes,clogp,2134,160,0.07497656982193064,2.104608125000002,1.0375954052684915,0.3579008291918637,0.3579008291918637
bond_angles_within_bounds,n_rings,2134,301,0.14104967197750704,3.2757475083056478,2.6775777414075286,0.35531007549348526,0.35531007549348526
no_volume_clash_with_inorganic_cofactors,hbd,2134,16,0.007497656982193065,4.3125,3.4400377714825305,0.35360160362818627,0.35360160362818627
bond_angles_within_bounds,hba,2134,301,0.14104967197750704,7.528239202657807,6.139661756683033,0.34901530379421347,0.34901530379421347
bond_angles_within_bounds,tpsa,2134,301,0.14104967197750704,151.2460465116279,123.21722313147845,0.34765841575304196,0.34765841575304196
no_clashes_with_protein,rot_per_heavy_atom,2134,1785,0.8364573570759137,0.2126502738864737,0.1728849083477168,0.33944127345163744,0.33944127345163744
no_volume_clash_with_inorganic_cofactors,n_halogens,2134,16,0.007497656982193065,0.125,0.5207743153918791,-0.33700995599709743,0.33700995599709743
sp3_stereochemistry_preserved,n_rotatable_bonds,2134,456,0.21368322399250234,6.296052631578948,5.072109654350418,0.3349747731161766,0.3349747731161766
no_internal_clashes,n_aliphatic_rings,2134,608,0.2849109653233365,1.118421052631579,0.8040629095674967,0.33230878336380165,0.33230878336380165
double_bond_stereochemistry_preserved,n_halogens,2134,30,0.014058106841611996,0.13333333333333333,0.5232889733840305,-0.3321688123180091,0.3321688123180091
energy_ratio_within_threshold,n_aliphatic_rings,2134,707,0.331302717900656,1.1018387553041018,0.7904695164681149,0.3293970944119823,0.3293970944119823
bond_lengths_within_bounds,n_aromatic_rings,2134,306,0.14339268978444236,2.238562091503268,1.8063457330415755,0.32550437181138026,0.32550437181138026
bond_lengths_within_bounds,largest_ring_size,2134,306,0.14339268978444236,6.30718954248366,5.531181619256017,0.32122445735695504,0.32122445735695504
no_clashes_with_inorganic_cofactors,rot_per_heavy_atom,2134,71,0.03327085285848173,0.24273408961913526,0.2048877612882938,0.3210730215908206,0.3210730215908206
no_volume_clash_with_organic_cofactors,n_heteroatoms,2134,200,0.09372071227741331,7.975,9.818510858324716,-0.3150009952065852,0.3150009952065852
bond_lengths_within_bounds,n_stereocentres,2134,306,0.14339268978444236,3.1633986928104574,2.2467177242888403,0.30687811271860155,0.30687811271860155
no_volume_clash_with_protein,tpsa,2134,1155,0.5412371134020618,138.27749783549785,114.06712972420836,0.30146699160770535,0.30146699160770535
energy_ratio_within_threshold,fraction_csp3,2134,707,0.331302717900656,0.47975551737475436,0.39876130862674514,0.300829248795162,0.300829248795162
no_clashes_with_protein,n_aliphatic_rings,2134,1785,0.8364573570759137,0.9400560224089636,0.6561604584527221,0.29858961658901767,0.29858961658901767
no_volume_clash_with_inorganic_cofactors,n_rotatable_bonds,2134,16,0.007497656982193065,4.25,5.341831916902739,-0.29613439588855606,0.29613439588855606
no_clashes_with_organic_cofactors,n_aromatic_rings,2134,333,0.15604498594189317,1.5375375375375375,1.929483620210994,-0.2949494019848823,0.2949494019848823
no_volume_clash_with_protein,hbd,2134,1155,0.5412371134020618,3.7722943722943723,3.062308478038815,0.2906204397310103,0.2906204397310103
no_internal_clashes,n_aromatic_rings,2134,608,0.2849109653233365,2.1398026315789473,1.7601572739187419,0.2864352068006357,0.2864352068006357
no_volume_clash_with_protein,hba,2134,1155,0.5412371134020618,6.855411255411256,5.722165474974464,0.28560943904724906,0.28560943904724906
no_volume_clash_with_inorganic_cofactors,n_aliphatic_rings,2134,16,0.007497656982193065,0.625,0.8956562795089708,-0.2830276865625894,0.2830276865625894
energy_ratio_within_threshold,n_rings,2134,707,0.331302717900656,3.0749646393210748,2.6068675543097406,0.2783028194871606,0.2783028194871606
no_volume_clash_with_organic_cofactors,hba,2134,200,0.09372071227741331,5.345,6.437952430196484,-0.2735701295337333,0.2735701295337333
no_volume_clash_with_protein,n_heteroatoms,2134,1155,0.5412371134020618,10.375757575757575,8.78447395301328,0.27326418890227683,0.27326418890227683
no_volume_clash_with_protein,n_stereocentres,2134,1155,0.5412371134020618,2.7463203463203465,1.9438202247191012,0.2695120217957212,0.2695120217957212
bond_angles_within_bounds,n_aromatic_rings,2134,301,0.14104967197750704,2.176079734219269,1.817785051827605,0.2692691072831983,0.2692691072831983
no_volume_clash_with_protein,n_rotatable_bonds,2134,1155,0.5412371134020618,5.777489177489177,4.810010214504596,0.2645931490169521,0.2645931490169521
double_bond_flatness_passes,largest_ring_size,2134,18,0.008434864104967198,6.277777777777778,5.637051039697543,0.2636356588041849,0.2636356588041849
no_volume_clash_with_organic_cofactors,largest_ring_size,2134,200,0.09372071227741331,5.065,5.702171664943123,-0.26286535313226883,0.26286535313226883
aromatic_ring_flatness_passes,largest_ring_size,2134,160,0.07497656982193064,6.23125,5.594731509625126,0.26245321148734513,0.26245321148734513
no_clashes_with_organic_cofactors,n_rings,2134,333,0.15604498594189317,2.3933933933933935,2.830094392004442,-0.2585671482221229,0.2585671482221229
aromatic_ring_flatness_passes,n_rotatable_bonds,2134,160,0.07497656982193064,6.2125,5.26241134751773,0.2582010857481451,0.2582010857481451
bond_lengths_within_bounds,hbd,2134,306,0.14339268978444236,3.980392156862745,3.3572210065645516,0.25344336874799184,0.25344336874799184
bond_angles_within_bounds,n_aliphatic_rings,2134,301,0.14104967197750704,1.0996677740863787,0.8597926895799236,0.25172635031743756,0.25172635031743756
sp3_stereochemistry_preserved,n_aromatic_rings,2134,456,0.21368322399250234,1.605263157894737,1.9398092967818832,-0.2516528052840819,0.2516528052840819
energy_ratio_within_threshold,n_amide_bonds,2134,707,0.331302717900656,0.6322489391796322,0.4281709880868956,0.2515019513534674,0.2515019513534674
aromatic_ring_flatness_passes,n_heteroatoms,2134,160,0.07497656982193064,11.0,9.53596757852077,0.24964924896015261,0.24964924896015261
no_clashes_with_inorganic_cofactors,largest_ring_size,2134,71,0.03327085285848173,5.070422535211268,5.662142510906447,-0.24363281482233784,0.24363281482233784
no_volume_clash_with_organic_cofactors,n_amide_bonds,2134,200,0.09372071227741331,0.325,0.5134436401240952,-0.2311459335484521,0.2311459335484521
bond_lengths_within_bounds,n_amide_bonds,2134,306,0.14339268978444236,0.6568627450980392,0.4688183807439825,0.23088703389304263,0.23088703389304263
bond_angles_within_bounds,hbd,2134,301,0.14104967197750704,3.916943521594684,3.369339879978178,0.2225007843523331,0.2225007843523331
no_clashes_with_organic_cofactors,largest_ring_size,2134,333,0.15604498594189317,5.1891891891891895,5.726263187118268,-0.22163618834216475,0.22163618834216475
aromatic_ring_flatness_passes,n_amide_bonds,2134,160,0.07497656982193064,0.6625,0.48226950354609927,0.22094469047545412,0.22094469047545412
no_volume_clash_with_protein,mw,2134,1155,0.5412371134020618,388.9790735930737,353.3079193054138,0.21966184291798796,0.21966184291798796
no_clashes_with_protein,n_rings,2134,1785,0.8364573570759137,2.8224089635854344,2.4527220630372493,0.2186425199278493,0.2186425199278493
bond_angles_within_bounds,n_stereocentres,2134,301,0.14104967197750704,2.9368770764119603,2.286415711947627,0.21712374133286017,0.21712374133286017
no_clashes_with_inorganic_cofactors,n_rotatable_bonds,2134,71,0.03327085285848173,6.098591549295775,5.30731943771207,0.21470351617590785,0.21470351617590785
no_clashes_with_inorganic_cofactors,hbd,2134,71,0.03327085285848173,3.9577464788732395,3.4289869122636936,0.2143604639837643,0.2143604639837643
no_clashes_with_inorganic_cofactors,tpsa,2134,71,0.03327085285848173,143.9592957746479,126.59288414929713,0.2140021864392884,0.2140021864392884
bond_angles_within_bounds,largest_ring_size,2134,301,0.14104967197750704,6.079734219269103,5.570649208947081,0.20996801610656052,0.20996801610656052
double_bond_flatness_passes,rot_per_heavy_atom,2134,18,0.008434864104967198,0.23057375225979873,0.20593915139888105,0.2086821313008496,0.2086821313008496
aromatic_ring_flatness_passes,hba,2134,160,0.07497656982193064,7.1,6.27355623100304,0.20651204563277215,0.20651204563277215
no_volume_clash_with_inorganic_cofactors,fraction_csp3,2134,16,0.007497656982193065,0.48108115842490845,0.425175750547459,0.20562397357050674,0.20562397357050674
double_bond_flatness_passes,hbd,2134,18,0.008434864104967198,3.9444444444444446,3.44234404536862,0.20343760964508042,0.20343760964508042
no_volume_clash_with_protein,heavy_atoms,2134,1155,0.5412371134020618,26.42077922077922,24.183861082737486,0.20199041401208767,0.20199041401208767
no_clashes_with_protein,n_amide_bonds,2134,1785,0.8364573570759137,0.5226890756302521,0.35816618911174786,0.20190902458011153,0.20190902458011153
bond_angles_within_bounds,n_halogens,2134,301,0.14104967197750704,0.7209302325581395,0.4844517184942717,0.20177747507107818,0.20177747507107818
double_bond_flatness_passes,n_stereocentres,2134,18,0.008434864104967198,1.7777777777777777,2.3832703213610587,-0.20157217364924312,0.20157217364924312
no_clashes_with_inorganic_cofactors,n_amide_bonds,2134,71,0.03327085285848173,0.3380281690140845,0.5012118274357732,-0.199837192546287,0.199837192546287
no_volume_clash_with_organic_cofactors,tpsa,2134,200,0.09372071227741331,112.58625,128.67889348500515,-0.19849141109347115,0.19849141109347115
no_clashes_with_protein,fraction_csp3,2134,1785,0.8364573570759137,0.43414555123689513,0.3818616883566154,0.19276190318625291,0.19276190318625291
no_clashes_with_inorganic_cofactors,n_heteroatoms,2134,71,0.03327085285848173,10.732394366197184,9.60833737275812,0.19137548597321272,0.19137548597321272
sp3_stereochemistry_preserved,n_halogens,2134,456,0.21368322399250234,0.34210526315789475,0.5655542312276519,-0.1907721226303321,0.1907721226303321
no_clashes_with_inorganic_cofactors,n_rings,2134,71,0.03327085285848173,2.4507042253521125,2.7726611730489577,-0.1899037751202753,0.1899037751202753
double_bond_stereochemistry_preserved,hba,2134,30,0.014058106841611996,5.6,6.346007604562738,-0.1861820486915368,0.1861820486915368
no_volume_clash_with_organic_cofactors,n_halogens,2134,200,0.09372071227741331,0.32,0.5382626680455016,-0.18604973250867635,0.18604973250867635
no_volume_clash_with_inorganic_cofactors,tpsa,2134,16,0.007497656982193065,141.4325,127.06294145420208,0.1769629162651823,0.1769629162651823
no_volume_clash_with_protein,clogp,2134,1155,0.5412371134020618,0.8772461904761919,1.4011555464759973,-0.17562450610974584,0.17562450610974584
no_volume_clash_with_protein,rot_per_heavy_atom,2134,1155,0.5412371134020618,0.2155654969022464,0.19503516136732796,0.17453982292034867,0.17453982292034867
double_bond_flatness_passes,fraction_csp3,2134,18,0.008434864104967198,0.3792726111691629,0.4259889561404876,-0.1718201402966605,0.1718201402966605
no_clashes_with_organic_cofactors,rot_per_heavy_atom,2134,333,0.15604498594189317,0.22312177406937073,0.20300834044175917,0.17067859322635634,0.17067859322635634
double_bond_stereochemistry_preserved,n_heteroatoms,2134,30,0.014058106841611996,8.666666666666666,9.659695817490494,-0.16900132622644368,0.16900132622644368
bond_lengths_within_bounds,n_halogens,2134,306,0.14339268978444236,0.6862745098039216,0.4896061269146608,0.16768547588317442,0.16768547588317442
bond_angles_within_bounds,rot_per_heavy_atom,2134,301,0.14104967197750704,0.22304353538749783,0.20337232283091755,0.16688753234984438,0.16688753234984438
no_clashes_with_protein,clogp,2134,1785,0.8364573570759137,1.036399854341738,1.532885071633239,-0.16611004622346612,0.16611004622346612
bond_angles_within_bounds,n_amide_bonds,2134,301,0.14104967197750704,0.6112956810631229,0.4768139661756683,0.16485357235693515,0.16485357235693515
bond_lengths_within_bounds,clogp,2134,306,0.14339268978444236,1.5356036928104593,1.0476235776805265,0.16322360060132676,0.16322360060132676
sp3_stereochemistry_preserved,largest_ring_size,2134,456,0.21368322399250234,5.947368421052632,5.559594755661502,0.1598506732486045,0.1598506732486045
no_volume_clash_with_inorganic_cofactors,rot_per_heavy_atom,2134,16,0.007497656982193065,0.2248742610456882,0.20600546918034826,0.15982546939059133,0.15982546939059133
no_clashes_with_inorganic_cofactors,clogp,2134,71,0.03327085285848173,0.6576839436619728,1.1334246582646645,-0.15893427192663226,0.15893427192663226
no_internal_clashes,largest_ring_size,2134,608,0.2849109653233365,5.9144736842105265,5.534076015727392,0.15686634306711592,0.15686634306711592
no_clashes_with_protein,largest_ring_size,2134,1785,0.8364573570759137,5.703641456582633,5.329512893982808,0.15414562006463967,0.15414562006463967
sp3_stereochemistry_preserved,n_rings,2134,456,0.21368322399250234,2.9671052631578947,2.706197854588796,0.1541117939865757,0.1541117939865757
aromatic_ring_flatness_passes,rot_per_heavy_atom,2134,160,0.07497656982193064,0.18983800595161102,0.2074688403994179,-0.14944102605512638,0.14944102605512638
no_volume_clash_with_protein,fraction_csp3,2134,1155,0.5412371134020618,0.4441531770322148,0.4037003255588443,0.14917579407927278,0.14917579407927278
no_internal_clashes,fraction_csp3,2134,608,0.2849109653233365,0.4537404362435816,0.4143809652412969,0.1450542792461699,0.1450542792461699
bond_lengths_within_bounds,rot_per_heavy_atom,2134,306,0.14339268978444236,0.22070219752196454,0.20371044828172186,0.14409612615948647,0.14409612615948647
no_clashes_with_inorganic_cofactors,n_aliphatic_rings,2134,71,0.03327085285848173,0.7605633802816901,0.8982064953950557,-0.14393969446045812,0.14393969446045812
no_clashes_with_inorganic_cofactors,n_aromatic_rings,2134,71,0.03327085285848173,1.6901408450704225,1.8744546776539022,-0.1379545871389986,0.1379545871389986
aromatic_ring_flatness_passes,n_aliphatic_rings,2134,160,0.07497656982193064,1.0125,0.8839918946301925,0.1344262369351832,0.1344262369351832
no_volume_clash_with_organic_cofactors,n_aliphatic_rings,2134,200,0.09372071227741331,0.78,0.905377456049638,-0.13116504824612182,0.13116504824612182
no_clashes_with_organic_cofactors,heavy_atoms,2134,333,0.15604498594189317,24.21021021021021,25.61354802887285,-0.12621401485264577,0.12621401485264577
no_clashes_with_organic_cofactors,n_stereocentres,2134,333,0.15604498594189317,2.6966966966966965,2.3192670738478625,0.12575814830524373,0.12575814830524373
no_clashes_with_organic_cofactors,mw,2134,333,0.15604498594189317,355.39745645645644,375.7978511937813,-0.12500699845954333,0.12500699845954333
double_bond_stereochemistry_preserved,fraction_csp3,2134,30,0.014058106841611996,0.3920926239621892,0.4260726043134273,-0.12497459062330553,0.12497459062330553
no_clashes_with_inorganic_cofactors,n_halogens,2134,71,0.03327085285848173,0.38028169014084506,0.5225399903053806,-0.12111324492850992,0.12111324492850992
bond_angles_within_bounds,clogp,2134,301,0.14104967197750704,1.4275472093023271,1.0666988106928545,0.12060858308999756,0.12060858308999756
no_volume_clash_with_organic_cofactors,rot_per_heavy_atom,2134,200,0.09372071227741331,0.21887263622367392,0.2048309434622409,0.11899845260415028,0.11899845260415028
energy_ratio_within_threshold,n_aromatic_rings,2134,707,0.331302717900656,1.9731258840169732,1.8163980378416258,0.11745042763882303,0.11745042763882303
aromatic_ring_flatness_passes,tpsa,2134,160,0.07497656982193064,135.8303125,126.46878419452888,0.11532815822249579,0.11532815822249579
double_bond_stereochemistry_preserved,hbd,2134,30,0.014058106841611996,3.1666666666666665,3.450570342205323,-0.11502078374689009,0.11502078374689009
energy_ratio_within_threshold,largest_ring_size,2134,707,0.331302717900656,5.828854314002829,5.55010511562719,0.11482927329676773,0.11482927329676773
double_bond_flatness_passes,hba,2134,18,0.008434864104967198,5.888888888888889,6.339319470699433,-0.11239344405165133,0.11239344405165133
no_clashes_with_inorganic_cofactors,hba,2134,71,0.03327085285848173,6.76056338028169,6.320891904992729,0.10972424164286133,0.10972424164286133
no_volume_clash_with_organic_cofactors,n_rotatable_bonds,2134,200,0.09372071227741331,4.98,5.370217166494312,-0.10585330038678487,0.10585330038678487
aromatic_ring_flatness_passes,formal_charge,2134,160,0.07497656982193064,0.0375,0.017223910840932118,0.10520691884799849,0.10520691884799849
no_volume_clash_with_protein,n_aliphatic_rings,2134,1155,0.5412371134020618,0.9393939393939394,0.839632277834525,0.10443179549566649,0.10443179549566649
no_clashes_with_organic_cofactors,n_amide_bonds,2134,333,0.15604498594189317,0.4264264264264264,0.5086063298167685,-0.10064124731336796,0.10064124731336796
no_volume_clash_with_organic_cofactors,clogp,2134,200,0.09372071227741331,0.8470098000000007,1.1455784229576023,-0.09974668777904519,0.09974668777904519
sp3_stereochemistry_preserved,rot_per_heavy_atom,2134,456,0.21368322399250234,0.21535115455981085,0.2036456766516299,0.09922222824385486,0.09922222824385486
double_bond_stereochemistry_preserved,formal_charge,2134,30,0.014058106841611996,0.0,0.019011406844106463,-0.0986136135007066,0.0986136135007066
no_internal_clashes,n_halogens,2134,608,0.2849109653233365,0.600328947368421,0.4849279161205767,0.09832158169930624,0.09832158169930624
no_volume_clash_with_inorganic_cofactors,formal_charge,2134,16,0.007497656982193065,0.0,0.018885741265344664,-0.09795866959068908,0.09795866959068908
no_clashes_with_organic_cofactors,clogp,2134,333,0.15604498594189317,0.8731832732732744,1.1627876735147153,-0.09677067282605838,0.09677067282605838
energy_ratio_within_threshold,formal_charge,2134,707,0.331302717900656,0.031117397454031116,0.012613875262789068,0.09607086475429957,0.09607086475429957
no_clashes_with_organic_cofactors,n_rotatable_bonds,2134,333,0.15604498594189317,5.63063063063063,5.278734036646307,0.0954700337330639,0.0954700337330639
no_volume_clash_with_organic_cofactors,hbd,2134,200,0.09372071227741331,3.235,3.468459152016546,-0.09461098116612197,0.09461098116612197
double_bond_flatness_passes,tpsa,2134,18,0.008434864104967198,134.48666666666668,127.10844517958411,0.09085626716317541,0.09085626716317541
double_bond_flatness_passes,n_heteroatoms,2134,18,0.008434864104967198,10.166666666666666,9.641304347826088,0.08939547483369382,0.08939547483369382
bond_angles_within_bounds,formal_charge,2134,301,0.14104967197750704,0.03322259136212625,0.016366612111292964,0.08746789643712895,0.08746789643712895
no_volume_clash_with_inorganic_cofactors,hba,2134,16,0.007497656982193065,6.0,6.33805476864967,-0.08435070600258619,0.08435070600258619
no_volume_clash_with_organic_cofactors,formal_charge,2134,200,0.09372071227741331,0.005,0.02016546018614271,-0.07867978598401222,0.07867978598401222
double_bond_stereochemistry_preserved,n_amide_bonds,2134,30,0.014058106841611996,0.43333333333333335,0.49667300380228135,-0.07752014157913556,0.07752014157913556
double_bond_stereochemistry_preserved,n_rings,2134,30,0.014058106841611996,2.6333333333333333,2.7637832699619773,-0.07690339581328841,0.07690339581328841
no_clashes_with_organic_cofactors,fraction_csp3,2134,333,0.15604498594189317,0.4431398482078438,0.4223508988012797,0.07648063055367084,0.07648063055367084
double_bond_stereochemistry_preserved,n_stereocentres,2134,30,0.014058106841611996,2.6,2.375,0.07489405503846357,0.07489405503846357
no_volume_clash_with_organic_cofactors,fraction_csp3,2134,200,0.09372071227741331,0.4438539159619066,0.423706698553224,0.07410849458415897,0.07410849458415897
double_bond_flatness_passes,n_amide_bonds,2134,18,0.008434864104967198,0.5555555555555556,0.4952741020793951,0.07377585716687245,0.07377585716687245
no_volume_clash_with_protein,n_halogens,2134,1155,0.5412371134020618,0.48138528138528136,0.5607763023493361,-0.06761288491775953,0.06761288491775953
no_clashes_with_organic_cofactors,n_heteroatoms,2134,333,0.15604498594189317,9.318318318318319,9.706274292059966,-0.0660312167713142,0.0660312167713142
no_clashes_with_protein,n_aromatic_rings,2134,1785,0.8364573570759137,1.8823529411764706,1.7965616045845272,0.0642112613154986,0.0642112613154986
no_clashes_with_protein,formal_charge,2134,1785,0.8364573570759137,0.02072829131652661,0.008595988538681949,0.06294399893574022,0.06294399893574022
aromatic_ring_flatness_passes,hbd,2134,160,0.07497656982193064,3.3125,3.4574468085106385,-0.05872541479272293,0.05872541479272293
no_clashes_with_inorganic_cofactors,fraction_csp3,2134,71,0.03327085285848173,0.44081249471590944,0.42507118326199084,0.05789164522838575,0.05789164522838575
sp3_stereochemistry_preserved,n_amide_bonds,2134,456,0.21368322399250234,0.5328947368421053,0.4856972586412396,0.05777784354888159,0.05777784354888159
no_clashes_with_organic_cofactors,hba,2134,333,0.15604498594189317,6.141141141141141,6.3714602998334255,-0.05747973591765147,0.05747973591765147
energy_ratio_within_threshold,clogp,2134,707,0.331302717900656,1.0046634653465363,1.1735483952347594,-0.05641762866760445,0.05641762866760445
no_internal_clashes,formal_charge,2134,608,0.2849109653233365,0.02631578947368421,0.015727391874180863,0.05493601654817702,0.05493601654817702
no_clashes_with_organic_cofactors,hbd,2134,333,0.15604498594189317,3.5585585585585586,3.4258745141588007,0.053760942103968715,0.053760942103968715
no_volume_clash_with_protein,n_aromatic_rings,2134,1155,0.5412371134020618,1.8354978354978355,1.9070480081716037,-0.053556308818654,0.053556308818654
double_bond_stereochemistry_preserved,tpsa,2134,30,0.014058106841611996,122.97500000000001,127.23050380228136,-0.05240195033118995,0.05240195033118995
no_volume_clash_with_protein,formal_charge,2134,1155,0.5412371134020618,0.023376623376623377,0.013278855975485188,0.05239221678130675,0.05239221678130675
no_clashes_with_organic_cofactors,n_halogens,2134,333,0.15604498594189317,0.46846846846846846,0.526929483620211,-0.049767834306134025,0.049767834306134025
no_clashes_with_organic_cofactors,n_aliphatic_rings,2134,333,0.15604498594189317,0.8558558558558559,0.9006107717934481,-0.04679341091252829,0.04679341091252829
no_volume_clash_with_protein,n_amide_bonds,2134,1155,0.5412371134020618,0.5108225108225108,0.4780388151174668,0.040129657854094766,0.040129657854094766
no_clashes_with_inorganic_cofactors,n_stereocentres,2134,71,0.03327085285848173,2.492957746478873,2.3742123121667476,0.03952535429992993,0.03952535429992993
no_volume_clash_with_protein,largest_ring_size,2134,1155,0.5412371134020618,5.685714285714286,5.5914198161389175,0.038794702212924984,0.038794702212924984
no_clashes_with_inorganic_cofactors,heavy_atoms,2134,71,0.03327085285848173,25.0,25.408143480368395,-0.036670101712272536,0.036670101712272536
no_volume_clash_with_inorganic_cofactors,n_heteroatoms,2134,16,0.007497656982193065,9.4375,9.647308781869688,-0.035699966777747436,0.035699966777747436
bond_lengths_within_bounds,fraction_csp3,2134,306,0.14339268978444236,0.43366424670201076,0.4242441349581518,0.03464492682286016,0.03464492682286016
no_internal_clashes,clogp,2134,608,0.2849109653233365,1.172589621710528,1.0956855439056368,0.025683209526940434,0.025683209526940434
bond_lengths_within_bounds,formal_charge,2134,306,0.14339268978444236,0.02287581699346405,0.018052516411378557,0.025018102047586355,0.025018102047586355
no_clashes_with_inorganic_cofactors,formal_charge,2134,71,0.03327085285848173,0.014084507042253521,0.018904507998061076,-0.025000276758694172,0.025000276758694172
no_clashes_with_organic_cofactors,formal_charge,2134,333,0.15604498594189317,0.015015015015015015,0.01943364797334814,-0.02291903276722435,0.02291903276722435
no_clashes_with_inorganic_cofactors,mw,2134,71,0.03327085285848173,376.0970000000002,372.4946175472614,0.022051702978975386,0.022051702978975386
no_clashes_with_protein,n_halogens,2134,1785,0.8364573570759137,0.5137254901960784,0.5386819484240688,-0.021242609820476585,0.021242609820476585
no_volume_clash_with_protein,n_rings,2134,1155,0.5412371134020618,2.774891774891775,2.7466802860061286,0.016631245054226335,0.016631245054226335
energy_ratio_within_threshold,n_halogens,2134,707,0.331302717900656,0.504950495049505,0.524176594253679,-0.016364983764587795,0.016364983764587795
aromatic_ring_flatness_passes,n_stereocentres,2134,160,0.07497656982193064,2.3375,2.3814589665653494,-0.014631829485320694,0.014631829485320694
double_bond_flatness_passes,n_rings,2134,18,0.008434864104967198,2.7777777777777777,2.7618147448015122,0.00941021184585174,0.00941021184585174
no_volume_clash_with_organic_cofactors,n_stereocentres,2134,200,0.09372071227741331,2.355,2.3805584281282317,-0.008507136609699489,0.008507136609699489
sp3_stereochemistry_preserved,formal_charge,2134,456,0.21368322399250234,0.017543859649122806,0.01907032181168057,-0.007917383024393244,0.007917383024393244
no_clashes_with_organic_cofactors,tpsa,2134,333,0.15604498594189317,127.54939939939939,127.10065519156025,0.005525707930613107,0.005525707930613107
bond_angles_within_bounds,fraction_csp3,2134,301,0.14104967197750704,0.425311343120294,0.42564147513099193,-0.0012140574205331985,0.0012140574205331985
no_volume_clash_with_inorganic_cofactors,n_stereocentres,2134,16,0.007497656982193065,2.375,2.378186968838527,-0.0010607810406456483,0.0010607810406456483
