method,check,descriptor,coef,std_err,z,p_value,odds_ratio,ci_lo,ci_hi,n_fail,n_eligible,n_clusters,estimable
deepdock,no_internal_clashes,mw,-0.76310298526048,0.3673659998354884,-2.07722812019133,0.03778050965577026,0.4662175141203196,0.22692695122001977,0.9578358555647608,205,427,427,True
deepdock,no_internal_clashes,n_rotatable_bonds,2.2541915185733528,0.2849210480591244,7.911635640570795,2.540289584204792e-15,9.52758731810334,5.45076805320847,16.653601697590304,205,427,427,True
deepdock,no_internal_clashes,n_aromatic_rings,0.341175824833051,0.21616986167646007,1.5782765561634418,0.11450208932436502,1.4066005344254922,0.9208028572271721,2.1486956170010627,205,427,427,True
deepdock,no_internal_clashes,n_stereocentres,0.5093285237129241,0.2550979590900507,1.996599759283566,0.04586867903329104,1.6641733667369722,1.009389518891705,2.7437108695139902,205,427,427,True
deepdock,no_internal_clashes,clogp,-0.14386765688987177,0.21401336389018397,-0.6722367906131981,0.501432962825584,0.8660023499200212,0.5693122974114417,1.3173087486023562,205,427,427,True
deepdock,no_internal_clashes,formal_charge,0.060944603543600845,0.1292840813463362,0.4714006775539343,0.6373546322249857,1.0628400349847034,0.8249375935672205,1.36935078335018,205,427,427,True
deepdock,no_internal_clashes,n_halogens,0.24484981368957565,0.13505336965772058,1.812985594584743,0.06983404317301337,1.2774294463819826,0.9803457858671116,1.664541240456739,205,427,427,True
deepdock,energy_ratio_within_threshold,mw,-0.8315465131833009,0.3561407712813394,-2.334881541901325,0.019549609862425803,0.43537545153316326,0.21662888468979205,0.8750069690343459,205,427,427,True
deepdock,energy_ratio_within_threshold,n_rotatable_bonds,2.0663671376699115,0.26180395643240034,7.892803324396904,2.9547306656342924e-15,7.896085557877353,4.726763940654642,13.190455017452019,205,427,427,True
deepdock,energy_ratio_within_threshold,n_aromatic_rings,0.08481966643286798,0.2255875720027429,0.37599441174816434,0.7069210505028474,1.0885207521677454,0.6995459130662992,1.6937807880346198,205,427,427,True
deepdock,energy_ratio_within_threshold,n_stereocentres,0.6758952721407282,0.24077306768905513,2.807188024092499,0.004997606193460932,1.9657921073098477,1.2262843344083332,3.1512582365542383,205,427,427,True
deepdock,energy_ratio_within_threshold,clogp,0.1948647918832482,0.21443065071053125,0.9087543746080601,0.36347979510764616,1.2151466776881719,0.7981876484906458,1.849917686760479,205,427,427,True
deepdock,energy_ratio_within_threshold,formal_charge,0.07427944698725528,0.13024787969550475,0.5702929457347542,0.5684790246408964,1.0771077579620432,0.8344339349177754,1.390357071679187,205,427,427,True
deepdock,energy_ratio_within_threshold,n_halogens,0.11462102597989239,0.13759614374280188,0.8330249879251329,0.4048306367271308,1.1214483572375389,0.8563616873186162,1.4685925778494775,205,427,427,True
deepdock,sp3_stereochemistry_preserved,mw,-0.1179310841754072,0.3859912877475846,-0.30552783940690165,0.7599641701673825,0.8887572999463266,0.41708714153589393,1.8938237589851663,106,248,248,True
deepdock,sp3_stereochemistry_preserved,n_rotatable_bonds,0.03828400014289318,0.24027658820921238,0.15933304375688379,0.8734064881373591,1.039026274591024,0.6487878786513507,1.6639885466643414,106,248,248,True
deepdock,sp3_stereochemistry_preserved,n_aromatic_rings,0.30306957657070305,0.2156076187901766,1.405653372878451,0.15982707894186277,1.3540086684449073,0.8873519476919772,2.0660792811606585,106,248,248,True
deepdock,sp3_stereochemistry_preserved,n_stereocentres,0.03228084305539543,0.25838748163286634,0.12493191563073532,0.9005774512875891,1.0328075213986543,0.6224143098356748,1.7137963562233196,106,248,248,True
deepdock,sp3_stereochemistry_preserved,clogp,-0.09724173905242593,0.19983139137295275,-0.48661893601561357,0.6265284017651257,0.9073366409199642,0.6132981584016287,1.3423483646216958,106,248,248,True
deepdock,sp3_stereochemistry_preserved,formal_charge,-0.05165203818920543,0.12576165733294103,-0.41071372057750466,0.6812824649451237,0.9496592545122481,0.7421971597231556,1.2151120330575715,106,248,248,True
deepdock,sp3_stereochemistry_preserved,n_halogens,-0.13168100675450373,0.14850691696746474,-0.88669948473412,0.37524071584901975,0.8766205865290763,0.6552429373032798,1.1727919661206474,106,248,248,True
deepdock,no_volume_clash_with_protein,mw,0.5597143867042164,0.3801275275770382,1.472438447885841,0.14090251709460472,1.750172556352171,0.8308368136476335,3.686769684121613,278,427,427,True
deepdock,no_volume_clash_with_protein,n_rotatable_bonds,0.6162951889273535,0.2580517674584785,2.3882618398516398,0.016928276199127484,1.8520538063882401,1.1168620573145558,3.071196912181525,278,427,427,True
deepdock,no_volume_clash_with_protein,n_aromatic_rings,0.20578275164505075,0.21174462721937454,0.9718440290428381,0.33112814815837266,1.2284862883776446,0.8112093730811278,1.8604057236169913,278,427,427,True
deepdock,no_volume_clash_with_protein,n_stereocentres,0.8023542385512396,0.26902170714022056,2.982488837352568,0.002859150745375213,2.2307865550490216,1.316637820464466,3.7796336827328636,278,427,427,True
deepdock,no_volume_clash_with_protein,clogp,0.12286471461358352,0.2268294704859841,0.5416611622393899,0.5880519493336038,1.1307314391599426,0.7249062968741481,1.7637501467678465,278,427,427,True
deepdock,no_volume_clash_with_protein,formal_charge,-0.021200214441002233,0.10305875132048131,-0.20570998745245833,0.8370174565529466,0.9790229304169386,0.7999615177202989,1.1981650080039197,278,427,427,True
deepdock,no_volume_clash_with_protein,n_halogens,0.025875617294665407,0.15956149910064957,0.16216704806930501,0.8711743081167456,1.026213297348636,0.75061742764767,1.402996643650376,278,427,427,True
deepdock,no_clashes_with_protein,mw,1.2268369385037636,0.685875396599031,1.7887169369059375,0.07366041388828225,3.410425073471994,0.8891812915885409,13.080571185868559,370,427,427,True
deepdock,no_clashes_with_protein,n_rotatable_bonds,0.7766115919224318,0.601435556746626,1.2912631839118291,0.19661243222819558,2.174093056199241,0.6688600468163203,7.066770753481375,370,427,427,True
deepdock,no_clashes_with_protein,n_aromatic_rings,-0.22040445345611867,0.40602056969397976,-0.542840609337204,0.5872395502990294,0.802194282091249,0.36197137421445236,1.7778081695450292,370,427,427,True
deepdock,no_clashes_with_protein,n_stereocentres,0.5419676500244736,0.5006671417405205,1.0824909502556446,0.2790344344560154,1.7193866871951582,0.644473279953419,4.587142201330075,370,427,427,True
deepdock,no_clashes_with_protein,clogp,0.13830049464491467,0.5347609471798503,0.2586211565640031,0.7959275578949627,1.1483205626141133,0.40260002560951874,3.2753105579812876,370,427,427,True
deepdock,no_clashes_with_protein,formal_charge,0.10940200306407051,0.09123189380506072,1.1991640039593465,0.2304641808637602,1.1156107391440189,0.9329448194397316,1.3340417304003953,370,427,427,True
deepdock,no_clashes_with_protein,n_halogens,-0.5168308851601435,0.20192859252666037,-2.559473518302798,0.01048308424203667,0.5964076404884338,0.40147755341855634,0.8859824680214371,370,427,427,True
deepdock,no_volume_clash_with_organic_cofactors,mw,-0.3286480419661677,0.8556740844323706,-0.3840808643681003,0.7009185138311984,0.7198963454662347,0.13456089520369194,3.8514216736677973,16,187,187,True
deepdock,no_volume_clash_with_organic_cofactors,n_rotatable_bonds,0.04988173788691572,0.5376596260643832,0.0927756808746181,0.9260817715166909,1.051146778185953,0.3664431941594834,3.015227371939756,16,187,187,True
deepdock,no_volume_clash_with_organic_cofactors,n_aromatic_rings,-0.3597090934727196,0.4506527248219834,-0.7981957584186621,0.4247568984761202,0.6978793141920673,0.2885253860516195,1.6880162395486946,16,187,187,True
deepdock,no_volume_clash_with_organic_cofactors,n_stereocentres,-0.7946598222952101,0.7419164164481861,-1.0710907653176422,0.2841286200673009,0.4517348789222643,0.10552691099494921,1.9337664573985287,16,187,187,True
deepdock,no_volume_clash_with_organic_cofactors,clogp,-0.7043375455446763,0.5343666612577205,-1.3180791329438502,0.1874771590647889,0.4944360071252784,0.173482776372933,1.4091713901123064,16,187,187,True
deepdock,no_volume_clash_with_organic_cofactors,formal_charge,0.18770137184893212,0.17966385173394167,1.044736434387998,0.2961448006874927,1.2064731746948794,0.8483743357946425,1.71572554690136,16,187,187,True
deepdock,no_volume_clash_with_organic_cofactors,n_halogens,0.32209415371569894,0.2636486389008053,1.2216795620814225,0.22182882806604476,1.380014703352617,0.8231246076836604,2.313672272329048,16,187,187,True
deepdock,no_clashes_with_organic_cofactors,mw,0.21307962638328348,0.5085690887187899,0.4189787211017548,0.6752316837179664,1.2374831836309466,0.4567141979437231,3.35300421284052,32,187,187,True
deepdock,no_clashes_with_organic_cofactors,n_rotatable_bonds,0.08345676478896527,0.3210390688833638,0.2599582819600247,0.7948959536794206,1.0870382159502021,0.5793964922037697,2.039453291202563,32,187,187,True
deepdock,no_clashes_with_organic_cofactors,n_aromatic_rings,-0.43582948403429417,0.2836817663804467,-1.5363323825677313,0.12445688124522906,0.6467279939823841,0.37089527672091244,1.1276959412864256,32,187,187,True
deepdock,no_clashes_with_organic_cofactors,n_stereocentres,-0.5577970794344721,0.4530368233442276,-1.231240046486564,0.2182330976805118,0.5724687790596207,0.2355733528723606,1.3911611776208823,32,187,187,True
deepdock,no_clashes_with_organic_cofactors,clogp,0.07920109923207413,0.3448699198077369,0.22965499361680577,0.8183598700315806,1.0824219744125563,0.5506083489935258,2.127896049583791,32,187,187,True
deepdock,no_clashes_with_organic_cofactors,formal_charge,0.05075485398321129,0.15117923817027465,0.3357263510353558,0.7370772327721378,1.0520649521354541,0.7822733805443687,1.4149026300007126,32,187,187,True
deepdock,no_clashes_with_organic_cofactors,n_halogens,0.1297731060324997,0.1969468211043672,0.6589246036305891,0.5099441857141755,1.1385700193461499,0.7739596254906729,1.674947434282558,32,187,187,True
deepdock,no_clashes_with_inorganic_cofactors,mw,0.21172165611968322,1.1401350568370998,0.18569875108220057,0.8526810077788138,1.2358038587605567,0.13227105791974564,11.5460721441731,12,187,187,False
deepdock,no_clashes_with_inorganic_cofactors,n_rotatable_bonds,0.3060742202345608,0.8070979752143151,0.37922808585077483,0.7045184970029904,1.3580831000536264,0.2792050716898347,6.605860328712714,12,187,187,False
deepdock,no_clashes_with_inorganic_cofactors,n_aromatic_rings,-0.33317260658855413,0.6646009314731842,-0.5013122775046805,0.6161513659747396,0.7166464855744736,0.1948029982689498,2.6364182782093537,12,187,187,False
deepdock,no_clashes_with_inorganic_cofactors,n_stereocentres,-1.0521514086833255,0.7629718251644267,-1.3790173817448346,0.167889394795257,0.34918569927244647,0.078273301806703,1.5577553234881654,12,187,187,False
deepdock,no_clashes_with_inorganic_cofactors,clogp,-0.6877539438714616,0.5802362523062704,-1.1852998518066384,0.23589891207649072,0.5027039031851387,0.1612182727320991,1.5675097493291632,12,187,187,False
deepdock,no_clashes_with_inorganic_cofactors,formal_charge,-0.06786385886058555,0.11547891047604182,-0.5876731827554359,0.5567516790680009,0.9343876735209724,0.7451286698051692,1.1717175298814122,12,187,187,False
deepdock,no_clashes_with_inorganic_cofactors,n_halogens,0.2601137342536214,0.29072291025326824,0.8947135746096475,0.37094022029865203,1.2970776004297027,0.7336723796047517,2.2931356669619123,12,187,187,False
diffdock,no_internal_clashes,mw,1.2080869120761395,0.552539996505619,2.186424366953233,0.02878457250803329,3.347075274364193,1.1332939800969195,9.885266390722432,25,426,426,True
diffdock,no_internal_clashes,n_rotatable_bonds,0.305484939004143,0.3040156121194871,1.0048330639154097,0.31497723996123006,1.3572830429258933,0.7479832371485751,2.462912492045921,25,426,426,True
diffdock,no_internal_clashes,n_aromatic_rings,-0.20128366010188267,0.39967903141008376,-0.5036132603498007,0.6145331724465575,0.8176804553329484,0.37357362685782,1.7897444545462085,25,426,426,True
diffdock,no_internal_clashes,n_stereocentres,-0.07270617504946253,0.42671348008387694,-0.1703864031555109,0.8647062645019323,0.9298740100752865,0.4029071148953651,2.1460670279750396,25,426,426,True
diffdock,no_internal_clashes,clogp,-0.07202672952431655,0.3892737080967521,-0.1850284980110053,0.8532066833049319,0.9305060234954129,0.4338791770552961,1.9955819627889126,25,426,426,True
diffdock,no_internal_clashes,formal_charge,-0.19731147672960533,0.0822997018044936,-2.3974749896217977,0.016508507937263706,0.8209348913707106,0.6986426287580143,0.9646335166634499,25,426,426,True
diffdock,no_internal_clashes,n_halogens,0.1630575003535628,0.17684964969647607,0.9220120064326705,0.35652231301206216,1.1771043716601306,0.8323007345051011,1.664752467874818,25,426,426,True
diffdock,energy_ratio_within_threshold,mw,0.044786648688964203,0.6018343727113682,0.0744169005954123,0.9406786613589553,1.0458047122986895,0.32149057659402247,3.401989283335282,26,426,426,True
diffdock,energy_ratio_within_threshold,n_rotatable_bonds,0.5858824024700151,0.3649416738005677,1.6054138086465468,0.10840276751714503,1.7965755891454884,0.8786311142401572,3.673536931713111,26,426,426,True
diffdock,energy_ratio_within_threshold,n_aromatic_rings,0.22339283917612157,0.4056145563724308,0.5507515341017611,0.5818040121391915,1.2503116486708912,0.5646229685327805,2.7687134706270147,26,426,426,True
diffdock,energy_ratio_within_threshold,n_stereocentres,0.4780933038437498,0.39515302437007765,1.2098940773789828,0.2263195401535414,1.6129959750872154,0.743495628811476,3.4993561694594297,26,426,426,True
diffdock,energy_ratio_within_threshold,clogp,0.1924087749225851,0.3464750681258357,0.5553322377952589,0.5786674322223302,1.212165918733683,0.6146699141981009,2.3904638580796407,26,426,426,True
diffdock,energy_ratio_within_threshold,formal_charge,0.09891899844411167,0.19226404979885525,0.514495552068105,0.6069055693605425,1.1039768720927445,0.7573637583916948,1.609220035434224,26,426,426,True
diffdock,energy_ratio_within_threshold,n_halogens,0.22463363820241827,0.17944589862946891,1.251818179841802,0.21063612410386223,1.251863997024128,0.8806686237595881,1.7795155007964072,26,426,426,True
diffdock,no_volume_clash_with_protein,mw,0.33144336067812946,0.4171143808818951,0.7946102457013507,0.42684025657360536,1.3929772467573096,0.6150290335385804,3.154949610784277,83,426,426,True
diffdock,no_volume_clash_with_protein,n_rotatable_bonds,-0.04570863554147286,0.24257004887347325,-0.18843478720373635,0.8505358318646377,0.9553202680171434,0.5938448464140774,1.536827034864897,83,426,426,True
diffdock,no_volume_clash_with_protein,n_aromatic_rings,-0.2841057120622105,0.28234191530095254,-1.0062470241422636,0.3142967568686763,0.7526870723977716,0.4327973400504184,1.309014119376819,83,426,426,True
diffdock,no_volume_clash_with_protein,n_stereocentres,-0.17221545966854057,0.2493808227699853,-0.6905721849646086,0.48983443225685463,0.8417977801570717,0.5163384122715077,1.3724012892241615,83,426,426,True
diffdock,no_volume_clash_with_protein,clogp,-0.5585312472987582,0.26460218468149443,-2.110833846557505,0.03478659579377611,0.5720486451220169,0.34056747808398397,0.9608658296645636,83,426,426,True
diffdock,no_volume_clash_with_protein,formal_charge,-0.06064117093685201,0.11502057019511963,-0.5272202253386589,0.5980406650365573,0.9411608950743706,0.7512045110353017,1.1791513727685325,83,426,426,True
diffdock,no_volume_clash_with_protein,n_halogens,-0.1014107551982528,0.23025142828675918,-0.44043485833214485,0.6596221827185881,0.9035618139390091,0.575396873190232,1.418888404940697,83,426,426,True
diffdock,no_clashes_with_protein,mw,0.6033303508095592,0.3407077747833424,1.7708147434945376,0.07659151339511543,1.828197211214617,0.9375880392451172,3.5647906150593625,291,426,426,True
diffdock,no_clashes_with_protein,n_rotatable_bonds,0.47615039131920567,0.23206206587354752,2.051823461653848,0.04018682232577495,1.6098651074910066,1.0215459325284173,2.5370035568566425,291,426,426,True
diffdock,no_clashes_with_protein,n_aromatic_rings,-0.21942422503636286,0.1975447312503843,-1.1107571619222114,0.2666728901546125,0.8029810012439632,0.5451987981280968,1.182648403797956,291,426,426,True
diffdock,no_clashes_with_protein,n_stereocentres,0.06908705661225133,0.24820768779175498,0.2783437419964809,0.7807485009813987,1.0715294888152052,0.6587632456069075,1.742925782604614,291,426,426,True
diffdock,no_clashes_with_protein,clogp,-0.5779809313559716,0.18437435729350257,-3.1348227586545185,0.0017195797286922384,0.5610299818211848,0.39088259550996074,0.8052408680198149,291,426,426,True
diffdock,no_clashes_with_protein,formal_charge,-0.07499646549350286,0.13711276978631928,-0.546969225480454,0.5843998749269028,0.927746765449728,0.709118552126011,1.2137802039192496,291,426,426,True
diffdock,no_clashes_with_protein,n_halogens,0.02814735563726255,0.12063949021163353,0.23331792589544811,0.8155145398335533,1.0285472354885388,0.8119620305738339,1.3029050322506641,291,426,426,True
diffdock,no_volume_clash_with_organic_cofactors,mw,-1.059216216042432,0.5352014872247063,-1.9790980431220595,0.04780496876447087,0.34672746328090603,0.12145738050499152,0.9898116795650087,52,187,187,True
diffdock,no_volume_clash_with_organic_cofactors,n_rotatable_bonds,0.45866608258060815,0.3441869027160213,1.3326076005833385,0.18266060960921537,1.5819623697855534,0.8057934372141733,3.1057648571445884,52,187,187,True
diffdock,no_volume_clash_with_organic_cofactors,n_aromatic_rings,0.22365449934179227,0.27506557095339196,0.8130952142305335,0.416163470123992,1.250638848229701,0.7294502482686633,2.144214128946655,52,187,187,True
diffdock,no_volume_clash_with_organic_cofactors,n_stereocentres,0.5940776183131516,0.35771256532601475,1.6607681023777199,0.09676002976041925,1.8113594094342251,0.8985021979270946,3.65165819039224,52,187,187,True
diffdock,no_volume_clash_with_organic_cofactors,clogp,0.29268981090950125,0.2650784423114882,1.1041630106063756,0.26952243200816384,1.3400270641818588,0.7970368310920596,2.252935451275836,52,187,187,True
diffdock,no_volume_clash_with_organic_cofactors,formal_charge,-0.08265705009036207,0.13450611494454495,-0.6145226194693115,0.538870030601243,0.9206668356924714,0.7073114469354743,1.1983793363113977,52,187,187,True
diffdock,no_volume_clash_with_organic_cofactors,n_halogens,0.0876733842940383,0.24166815568008357,0.36278418249733707,0.7167661086129684,1.0916315197959345,0.6797790248709291,1.7530099214788868,52,187,187,True
diffdock,no_clashes_with_organic_cofactors,mw,-1.183279918532113,0.5008093525320622,-2.3627352655247362,0.018140623078907025,0.3062725403979811,0.11476735351164316,0.8173305921210131,74,187,187,True
diffdock,no_clashes_with_organic_cofactors,n_rotatable_bonds,0.5029686241524672,0.34433275813166336,1.4607051239665843,0.14409638227538213,1.6536229765464134,0.8420539606732859,3.247379712311792,74,187,187,True
diffdock,no_clashes_with_organic_cofactors,n_aromatic_rings,0.29449463302675993,0.25441900428699105,1.1575182201977434,0.2470606996375957,1.34244775846922,0.8153339848214906,2.21034081464616,74,187,187,True
diffdock,no_clashes_with_organic_cofactors,n_stereocentres,1.0066363404907777,0.31466021565693303,3.1991217522976934,0.0013784694052350031,2.7363812628006774,1.4768532627406463,5.0700923404613,74,187,187,True
diffdock,no_clashes_with_organic_cofactors,clogp,0.4330433725214408,0.22067613603620434,1.9623479924009333,0.04972198328401495,1.5419430972103647,1.0005262320545507,2.3763380098014872,74,187,187,True
diffdock,no_clashes_with_organic_cofactors,formal_charge,-0.110243891577005,0.1685605162734654,-0.654031525378992,0.5130914952109056,0.8956156755378663,0.6436395383189396,1.2462370480908433,74,187,187,True
diffdock,no_clashes_with_organic_cofactors,n_halogens,0.31125673759759204,0.172441983670131,1.8049939520123104,0.07107562844934048,1.3651396588753686,0.9736305690764603,1.9140794747252914,74,187,187,True
diffdock,no_clashes_with_inorganic_cofactors,mw,-0.4269077800567847,1.104816318681292,-0.38640611370253974,0.6991959229969202,0.6525237251541662,0.07484709542069036,5.688760659259562,12,187,187,False
diffdock,no_clashes_with_inorganic_cofactors,n_rotatable_bonds,0.4242319394736667,0.6998712757884009,0.6061570950969118,0.544410440383391,1.5284160526907669,0.3877127475605265,6.025222654713304,12,187,187,False
diffdock,no_clashes_with_inorganic_cofactors,n_aromatic_rings,0.25663366940980475,0.590811728728068,0.43437470336328604,0.6640163643569088,1.2925715315264257,0.40602682889517644,4.114854106214501,12,187,187,False
diffdock,no_clashes_with_inorganic_cofactors,n_stereocentres,0.19273679307612082,0.5395076867954057,0.3572456848964438,0.7209078877197072,1.2125635963793029,0.42118679823916255,3.4908750260244914,12,187,187,False
diffdock,no_clashes_with_inorganic_cofactors,clogp,-0.04908180714809647,0.40211576364804935,-0.12205889841974756,0.9028523727310808,0.9521032376619191,0.43291485003210384,2.093946592728535,12,187,187,False
diffdock,no_clashes_with_inorganic_cofactors,formal_charge,-0.09328762744662021,0.1072595530429139,-0.8697372383166317,0.3844440169534967,0.9109314537239732,0.7382206698728733,1.1240488748798754,12,187,187,False
diffdock,no_clashes_with_inorganic_cofactors,n_halogens,0.09983846666532675,0.3200497823293493,0.3119466788531896,0.7550810466681546,1.104992410549713,0.5901092557668539,2.0691223115722037,12,187,187,False
equibind,no_internal_clashes,mw,0.014051655744408706,0.35974501558102706,0.03906004290765159,0.968842517781747,1.0141508443022833,0.501056896532528,2.0526649610385417,86,426,426,True
equibind,no_internal_clashes,n_rotatable_bonds,0.8797587240491607,0.22658521988302252,3.8826836300414795,0.00010330994467991633,2.410318084466682,1.5459828448816266,3.757889867627845,86,426,426,True
equibind,no_internal_clashes,n_aromatic_rings,0.0870458325429103,0.21342499484412922,0.4078521009522925,0.683382260278853,1.0909466794329599,0.7180188399796202,1.6575674496223276,86,426,426,True
equibind,no_internal_clashes,n_stereocentres,0.5806919501754396,0.26716385810590726,2.1735423132916645,0.02973952476206468,1.7872747080273854,1.0587197660604688,3.017182624105206,86,426,426,True
equibind,no_internal_clashes,clogp,0.22064145833394513,0.2021147841357758,1.0916641218374386,0.27498076061449817,1.2468762933066198,0.8390405525345304,1.8529503563489236,86,426,426,True
equibind,no_internal_clashes,formal_charge,0.05834082063999341,0.11065459362099778,0.5272336080309157,0.5980313727301849,1.0600762300078916,0.8533903657206685,1.3168201312874603,86,426,426,True
equibind,no_internal_clashes,n_halogens,-0.13224912566043515,0.1973088833682953,-0.670264427038391,0.5026892396886398,0.8761227032423858,0.5951347485697464,1.289776799256729,86,426,426,True
equibind,energy_ratio_within_threshold,mw,-0.020442919321075836,0.36757262820027586,-0.05561600008458,0.9556477180089741,0.9797646205081362,0.47669803813327366,2.0137249050961596,92,426,426,True
equibind,energy_ratio_within_threshold,n_rotatable_bonds,1.0458647865815311,0.23813605669140708,4.391879168205233,1.1237515025499134e-05,2.8458585200736066,1.7844793500601945,4.538528684012142,92,426,426,True
equibind,energy_ratio_within_threshold,n_aromatic_rings,-0.03337129565395829,0.21168854041388335,-0.1576433735558492,0.8747378237226353,0.9671793834112228,0.6387301522119351,1.4645245045286808,92,426,426,True
equibind,energy_ratio_within_threshold,n_stereocentres,0.32287391367737045,0.24731629326733492,1.3055100794688121,0.19171921722679675,1.3810912032160103,0.8505627294350541,2.242530557231864,92,426,426,True
equibind,energy_ratio_within_threshold,clogp,0.1675642266758494,0.19375507729877858,0.8648249584575181,0.3871348701323081,1.182421230731295,0.8088120225975254,1.7286092785737825,92,426,426,True
equibind,energy_ratio_within_threshold,formal_charge,0.04952503099508289,0.10324933289537666,0.4796644162850619,0.6314660341010185,1.0507718937517518,0.85826708255202,1.286454525805167,92,426,426,True
equibind,energy_ratio_within_threshold,n_halogens,-0.039855545811119795,0.1622197345773756,-0.24568863902381427,0.8059232674321987,0.9609282392363261,0.6992126356904633,1.3206041107223372,92,426,426,True
equibind,no_volume_clash_with_protein,mw,-0.14312942640834767,0.5851625661679103,-0.24459771469263328,0.8067679337323456,0.8666418952887012,0.2752633560543114,2.7285439857872005,382,426,426,True
equibind,no_volume_clash_with_protein,n_rotatable_bonds,0.47179796290010134,0.3915914960834677,1.2048217788660498,0.228272110488683,1.6028735110948462,0.7440051917047178,3.453206403953684,382,426,426,True
equibind,no_volume_clash_with_protein,n_aromatic_rings,0.10647112155685029,0.31198095916068963,0.3412744221419328,0.7328970014932139,1.112345803166812,0.6035053809411463,2.0502106938852345,382,426,426,True
equibind,no_volume_clash_with_protein,n_stereocentres,0.3600389621169762,0.3711416020091183,0.9700851647133072,0.3320040430773439,1.4333852611966003,0.6925428185538807,2.9667383040746906,382,426,426,True
equibind,no_volume_clash_with_protein,clogp,-0.4302282435481643,0.2193078450960304,-1.9617549174302278,0.049791024699600055,0.6503606371623085,0.4231351186696679,0.9996073114894682,382,426,426,True
equibind,no_volume_clash_with_protein,formal_charge,0.14023178410299086,0.07697852901188602,1.8216999714470783,0.06850052230607118,1.150540444938857,0.989413079801447,1.3379076368241953,382,426,426,True
equibind,no_volume_clash_with_protein,n_halogens,0.16735424898187226,0.14143081226671636,1.1832941231099512,0.23669260111949175,1.1821729747129817,0.8959729561194335,1.5597936663117857,382,426,426,True
equibind,no_clashes_with_protein,mw,0.1618355083263313,1.3017059667037174,0.12432570216770532,0.90105739778576,1.1756668380089577,0.09167905763912876,15.076425844543788,417,426,426,True
equibind,no_clashes_with_protein,n_rotatable_bonds,1.1021231576254509,0.7447616618924113,1.4798333668585968,0.13891772163811816,3.0105511178301203,0.6993647354645995,12.959501063557642,417,426,426,True
equibind,no_clashes_with_protein,n_aromatic_rings,0.5811985859810134,0.851318658828195,0.6827039205049367,0.4947939518918816,1.788180434806303,0.33710685400472096,9.485387880542108,417,426,426,True
equibind,no_clashes_with_protein,n_stereocentres,0.9170018696447232,0.6957212254433454,1.3180593549670239,0.1874837792570938,2.5017784767224556,0.6398083020746163,9.782454410636579,417,426,426,True
equibind,no_clashes_with_protein,clogp,-0.345082292640641,0.28398399015333675,-1.2151469963300194,0.22431003183484888,0.7081620745427536,0.4058869178955722,1.2355498581250708,417,426,426,True
equibind,no_clashes_with_protein,formal_charge,0.12904941554646193,0.08676675515172559,1.4873140677071341,0.1369318807526576,1.137746345134005,0.9598192441365309,1.3486567953014008,417,426,426,True
equibind,no_clashes_with_protein,n_halogens,0.4001269737166586,0.4014300901154968,0.9967538148461585,0.31888402122490167,1.492014132194083,0.6793209754533969,3.2769578021363177,417,426,426,True
equibind,no_volume_clash_with_organic_cofactors,mw,-1.901535601525722,0.6775512198065422,-2.806482441384517,0.005008564204337998,0.1493391176793151,0.03957682378416134,0.5635159655778557,32,185,185,True
equibind,no_volume_clash_with_organic_cofactors,n_rotatable_bonds,0.6412577943981451,0.3415258424993077,1.877625979063195,0.06043234922236643,1.8988677631209967,0.9722711459441806,3.7085321279575907,32,185,185,True
equibind,no_volume_clash_with_organic_cofactors,n_aromatic_rings,0.5470316377175396,0.3647924413393846,1.499569551685444,0.13372593980018677,1.7281157234308493,0.8453974483409378,3.532520661648079,32,185,185,True
equibind,no_volume_clash_with_organic_cofactors,n_stereocentres,1.1336760541738125,0.4513460031607143,2.5117671281784575,0.012012833035983947,3.1070572431586525,1.2828114869813285,7.525505353075433,32,185,185,True
equibind,no_volume_clash_with_organic_cofactors,clogp,0.3858412750844219,0.30948325566340706,1.2467274659410381,0.21249744433208417,1.470851191554538,0.8019293559593322,2.6977478896621356,32,185,185,True
equibind,no_volume_clash_with_organic_cofactors,formal_charge,-0.055711514066071506,0.12029825643406075,-0.4631115671789369,0.6432843992097619,0.9458119499807013,0.7471481670303162,1.1972996578200787,32,185,185,True
equibind,no_volume_clash_with_organic_cofactors,n_halogens,-0.05077667560010848,0.49150181284291755,-0.10330923360467145,0.9177175474765852,0.9504909146450157,0.3627278221826907,2.49066358733215,32,185,185,True
equibind,no_clashes_with_organic_cofactors,mw,-1.462199261526949,0.48044190284865784,-3.0434465704535993,0.0023388496953809573,0.23172608764863056,0.09036953344746877,0.5941933929331893,56,185,185,True
equibind,no_clashes_with_organic_cofactors,n_rotatable_bonds,0.6721776461161519,0.3154639264269986,2.130759144886572,0.0331089897285278,1.9584975949485979,1.0553576475509352,3.634514648489642,56,185,185,True
equibind,no_clashes_with_organic_cofactors,n_aromatic_rings,0.5263056474683269,0.2752587439552611,1.9120397045547421,0.055871101574818616,1.6926674331976261,0.9868950504034252,2.9031689217983496,56,185,185,True
equibind,no_clashes_with_organic_cofactors,n_stereocentres,0.8228817137435634,0.3357573921875778,2.450822328533704,0.014253028672578497,2.2770522046077213,1.1791682505380454,4.3971390343515635,56,185,185,True
equibind,no_clashes_with_organic_cofactors,clogp,0.28729261998582917,0.26123475159191617,1.099748858967351,0.2714415602487825,1.3328141644810878,0.7987413644775124,2.2239909888771416,56,185,185,True
equibind,no_clashes_with_organic_cofactors,formal_charge,0.06661453130815953,0.16488849981497367,0.4039974369523023,0.6862146039320087,1.06888337767646,0.7737078048407862,1.4766707378738984,56,185,185,True
equibind,no_clashes_with_organic_cofactors,n_halogens,0.21670264848107848,0.1996594144512114,1.085361534674999,0.27776156177796485,1.241974744149271,0.8397738807067335,1.8368054788826194,56,185,185,True
equibind,no_clashes_with_inorganic_cofactors,mw,-0.18244734353862052,0.7011390716757333,-0.260215627553844,0.7946974503372013,0.8332285176384625,0.210840222397992,3.2928715152626484,12,185,185,False
equibind,no_clashes_with_inorganic_cofactors,n_rotatable_bonds,0.9151639616524592,0.35212542849903977,2.5989715243043143,0.00935035293892098,2.497184660863777,1.2523362460510135,4.979438429668607,12,185,185,False
equibind,no_clashes_with_inorganic_cofactors,n_aromatic_rings,-0.02776527188946293,0.574697841623617,-0.048312817412053295,0.9614669396654328,0.9726166404753703,0.3153247107033901,3.0000285331885514,12,185,185,False
equibind,no_clashes_with_inorganic_cofactors,n_stereocentres,-0.2708870688014458,0.49743024399856395,-0.5445729769543884,0.5860472445238556,0.7627026244632225,0.2877013166807727,2.021941713977438,12,185,185,False
equibind,no_clashes_with_inorganic_cofactors,clogp,-0.4524106399405987,0.4322809046610063,-1.0465663300473058,0.29529963771023315,0.6360929109319503,0.27262293083311484,1.48415318587256,12,185,185,False
equibind,no_clashes_with_inorganic_cofactors,formal_charge,-0.0742846259254482,0.10866059953497369,-0.6836390213505018,0.4942031378143583,0.9284074074141587,0.750320006924649,1.1487636024452166,12,185,185,False
equibind,no_clashes_with_inorganic_cofactors,n_halogens,-0.11394530762498148,0.35885588689738557,-0.3175238634375922,0.7508461351768712,0.892306756923655,0.441626877669303,1.802905096387331,12,185,185,False
tankbind,bond_lengths_within_bounds,mw,1.201840931208007,0.5345552695966481,2.2483005959605697,0.024557028748620847,3.3262346590319147,1.1666447046361383,9.483467385553194,37,428,428,True
tankbind,bond_lengths_within_bounds,n_rotatable_bonds,-0.5851078405967935,0.3037162659781565,-1.9264949103479199,0.05404260675656359,0.5570457864229,0.3071617542224388,1.0102169423957506,37,428,428,True
tankbind,bond_lengths_within_bounds,n_aromatic_rings,-0.2948559839655354,0.29219160386297666,-1.0091186059672277,0.31291775581728654,0.7446388196740632,0.4199830170481259,1.3202604611558453,37,428,428,True
tankbind,bond_lengths_within_bounds,n_stereocentres,0.4108035798045568,0.3604411180044896,1.1397245188864382,0.25440108887159085,1.5080291200910958,0.7440492649343825,3.0564532944512504,37,428,428,True
tankbind,bond_lengths_within_bounds,clogp,0.4985158686659539,0.2309750747064964,2.1583102388836792,0.030903719198943122,1.6462761666777292,1.0468786691813214,2.5888627753687685,37,428,428,True
tankbind,bond_lengths_within_bounds,formal_charge,0.13016215680589496,0.15927324130456924,0.8172255159734786,0.413799563347773,1.1390130670711829,0.8335949551772807,1.556332315714405,37,428,428,True
tankbind,bond_lengths_within_bounds,n_halogens,-0.04448236990595733,0.19871932474708223,-0.2238452146643099,0.8228777463053958,0.9564924629970468,0.6479348748583181,1.4119904133424064,37,428,428,True
tankbind,bond_angles_within_bounds,mw,1.1234763301192114,0.5951174617067329,1.8878228289541399,0.05904973935799335,3.0755271889331537,0.9579760882490166,9.873803329638354,17,428,428,True
tankbind,bond_angles_within_bounds,n_rotatable_bonds,-0.824253005532138,0.42616062428919843,-1.934136939345172,0.053096293248000574,0.4385624738781182,0.19023169911037272,1.011067263729274,17,428,428,True
tankbind,bond_angles_within_bounds,n_aromatic_rings,-0.4958540216642423,0.3440055643724931,-1.4414127939143624,0.14946809795701524,0.6090505427685039,0.31033822176033793,1.195284813912073,17,428,428,True
tankbind,bond_angles_within_bounds,n_stereocentres,0.3083502662837646,0.4416834585916013,0.6981250039723085,0.4850990222992154,1.3611776800954065,0.57273427967482,3.2350162065414967,17,428,428,True
tankbind,bond_angles_within_bounds,clogp,0.47716964335030726,0.35294100784010213,1.3519813021174525,0.17638129683233394,1.6115068022798642,0.8068786282810888,3.21851897270674,17,428,428,True
tankbind,bond_angles_within_bounds,formal_charge,0.4360422591137,0.14458647799683016,3.015788648806146,0.0025631184959401324,1.5465741502212953,1.1649264705154512,2.0532554308551068,17,428,428,True
tankbind,bond_angles_within_bounds,n_halogens,0.22210204847402407,0.19258983476205166,1.153238688575829,0.24881242773681167,1.2486987991695688,0.8561008524924593,1.8213376222064415,17,428,428,True
tankbind,no_internal_clashes,mw,0.9938936055042205,0.36473349297743485,2.724985844844554,0.00643042438922454,2.701733503983713,1.3218458028273607,5.522099408974289,226,428,428,True
tankbind,no_internal_clashes,n_rotatable_bonds,0.4359811650789618,0.21527864144858055,2.025194706475775,0.04284737502727441,1.546479666652657,1.014141844214533,2.3582493642419817,226,428,428,True
tankbind,no_internal_clashes,n_aromatic_rings,-0.10648537172377982,0.2118960479422957,-0.5025359026647741,0.6152906041162938,0.8989881987127357,0.5934549377159714,1.3618216482201815,226,428,428,True
tankbind,no_internal_clashes,n_stereocentres,-0.05083832709121516,0.22262783179107853,-0.22835566731352602,0.8193697512939224,0.9504323172691709,0.6143559108805939,1.47035549542424,226,428,428,True
tankbind,no_internal_clashes,clogp,-0.16318189228792065,0.1819500446602995,-0.8968499710598096,0.3697989788894167,0.8494366683829594,0.5946409940947327,1.2134088647756298,226,428,428,True
tankbind,no_internal_clashes,formal_charge,0.07553329982888604,0.12983425746221505,0.5817671029610045,0.5607235655336589,1.0784591396249281,0.8361584346207548,1.3909733702178824,226,428,428,True
tankbind,no_internal_clashes,n_halogens,-0.08567485375116991,0.11629276165234503,-0.7367169936792217,0.4612944703550972,0.9178926320517069,0.7308080214698508,1.1528703287633089,226,428,428,True
tankbind,energy_ratio_within_threshold,mw,0.7600138132777985,0.37685861461443476,2.0167080804438315,0.04372598618506098,2.138305757304262,1.0216147884143763,4.475612103087494,219,428,428,True
tankbind,energy_ratio_within_threshold,n_rotatable_bonds,0.7321111005313184,0.21766383249224605,3.36349448665248,0.0007696237352903544,2.0794659387562087,1.3573005372028528,3.1858667052166494,219,428,428,True
tankbind,energy_ratio_within_threshold,n_aromatic_rings,-0.32241252956139455,0.23769111343559096,-1.3564349331417525,0.17496082478003272,0.7243992925596245,0.4546267386414451,1.1542531278054626,219,428,428,True
tankbind,energy_ratio_within_threshold,n_stereocentres,0.1917110697735143,0.23438826515392347,0.8179209383525112,0.41340233350970457,1.211320479298674,0.7651514519638604,1.9176560402549858,219,428,428,True
tankbind,energy_ratio_within_threshold,clogp,0.028382691099550553,0.19699333564320554,0.14407944820507687,0.885437733336496,1.0287893176118246,0.6992708344253379,1.5135873082737745,219,428,428,True
tankbind,energy_ratio_within_threshold,formal_charge,0.01492294319149852,0.1055769318799185,0.14134662682253007,0.887596116456784,1.0150348462563588,0.8253035335230094,1.2483840154138215,219,428,428,True
tankbind,energy_ratio_within_threshold,n_halogens,-0.09487283945055328,0.12571646418554921,-0.7546572365456223,0.4504546713795402,0.9094885781827337,0.7108651131035411,1.1636096055319698,219,428,428,True
tankbind,sp3_stereochemistry_preserved,mw,-0.5966529161581869,0.514806491033369,-1.158984835176666,0.2464623665112914,0.550651632246306,0.20075799574349837,1.5103618611680671,181,249,249,True
tankbind,sp3_stereochemistry_preserved,n_rotatable_bonds,0.10806820324419374,0.33827140004759043,0.3194718892256039,0.7493687045738631,1.1141237296480468,0.5741115532814098,2.162074039218028,181,249,249,True
tankbind,sp3_stereochemistry_preserved,n_aromatic_rings,0.6063127610064578,0.31636672093203655,1.9164871678671567,0.05530311501160875,1.833657784005727,0.9863395446121499,3.4088675519614533,181,249,249,True
tankbind,sp3_stereochemistry_preserved,n_stereocentres,2.344578352260872,0.4510338507302998,5.198231459711072,2.011935128393778e-07,10.428874489010466,4.308407080975785,25.24399878270106,181,249,249,True
tankbind,sp3_stereochemistry_preserved,clogp,-0.6083551707186968,0.311365053119216,-1.9538325339477607,0.05072102536730067,0.5442453239050635,0.29563802518718,1.0019109429681443,181,249,249,True
tankbind,sp3_stereochemistry_preserved,formal_charge,-0.13271042870766325,0.15278596906930045,-0.8686035080058211,0.3850640350715737,0.8757186383749771,0.6491019898295968,1.1814524460149125,181,249,249,True
tankbind,sp3_stereochemistry_preserved,n_halogens,0.1585643298947531,0.17383405270648283,0.9121591968087375,0.3616849198835035,1.1718273053277652,0.8334811831953345,1.6475227769958112,181,249,249,True
tankbind,no_volume_clash_with_protein,mw,-0.39197035823283394,0.31658744307930314,-1.238110881531861,0.21567494963604206,0.6757241433214966,0.36332034359996374,1.2567507597931713,199,428,428,True
tankbind,no_volume_clash_with_protein,n_rotatable_bonds,0.3299763686405205,0.1939394139721864,1.701440475053945,0.08886030639343157,1.3909352583842958,0.9510982609780393,2.0341756182238035,199,428,428,True
tankbind,no_volume_clash_with_protein,n_aromatic_rings,-0.07982108135521464,0.1915900018979451,-0.41662446142535775,0.6769531143148255,0.9232815238885372,0.6342382637116593,1.3440513149826046,199,428,428,True
tankbind,no_volume_clash_with_protein,n_stereocentres,0.04016855210963431,0.21305819329565792,0.1885332429055801,0.8504586586640167,1.0409862198295592,0.6856295351443744,1.580521629143133,199,428,428,True
tankbind,no_volume_clash_with_protein,clogp,-0.24181850756217704,0.17753599488503657,-1.362081575168836,0.17317214229023215,0.7851986722417845,0.5544477733812732,1.1119838233461383,199,428,428,True
tankbind,no_volume_clash_with_protein,formal_charge,0.17930999718355012,0.1351615861833457,1.3266343067350321,0.1846296815927152,1.1963915647037344,0.9179596497676781,1.5592763543108936,199,428,428,True
tankbind,no_volume_clash_with_protein,n_halogens,-0.006569314430651103,0.1382715570488675,-0.047510236890797405,0.9621065716912531,0.993452216342122,0.7576175392321034,1.30269859796991,199,428,428,True
tankbind,no_clashes_with_protein,mw,0.8813442515593511,0.4408830755168773,1.9990430581307554,0.045603695259644986,2.4141427413460304,1.0173785826801116,5.72853141869826,357,428,428,True
tankbind,no_clashes_with_protein,n_rotatable_bonds,0.07979519454570169,0.2568017672877413,0.3107268123131441,0.7560083122727493,1.0830652272927634,0.6547334841983578,1.7916149316953902,357,428,428,True
tankbind,no_clashes_with_protein,n_aromatic_rings,-0.34694910787584715,0.23723230931940484,-1.462486745044166,0.14360787400263933,0.7068412999975984,0.44400658298761303,1.1252639995119926,357,428,428,True
tankbind,no_clashes_with_protein,n_stereocentres,-0.5150786282618757,0.29587772258453165,-1.7408496447877004,0.0817099372542696,0.5974536160319595,0.33454351828969814,1.0669787450509274,357,428,428,True
tankbind,no_clashes_with_protein,clogp,-0.3968229522224127,0.18930362795854194,-2.0962247607284006,0.03606225744927137,0.6724530714157766,0.46400903954672024,0.9745351808194266,357,428,428,True
tankbind,no_clashes_with_protein,formal_charge,0.11222943281482319,0.08417189526012192,1.333336174360732,0.18242150753926922,1.1187695136402627,0.9486224015798248,1.319434605978516,357,428,428,True
tankbind,no_clashes_with_protein,n_halogens,-0.12433977887349944,0.1223483050788951,-1.0162770852715952,0.3094974573807371,0.8830797380627299,0.694795271358434,1.1223879262336514,357,428,428,True
tankbind,no_volume_clash_with_organic_cofactors,mw,-1.8387236907862796,0.5256901940000586,-3.497732527204178,0.0004692314687641149,0.15902025566024064,0.05675238834951022,0.4455749343008317,53,187,187,True
tankbind,no_volume_clash_with_organic_cofactors,n_rotatable_bonds,0.5609732407920784,0.3277161650433799,1.7117655478417495,0.08693988351367977,1.752377155572431,0.9218814527875194,3.331041845008141,53,187,187,True
tankbind,no_volume_clash_with_organic_cofactors,n_aromatic_rings,0.490665349294953,0.2703725663070949,1.8147749085520937,0.06955850787708998,1.6334026417863872,0.9615053564147726,2.7748198929885413,53,187,187,True
tankbind,no_volume_clash_with_organic_cofactors,n_stereocentres,1.2659679791324536,0.3769177653764332,3.3587378877408796,0.000782992961577818,3.546524036387494,1.6942204674929473,7.4239645795842115,53,187,187,True
tankbind,no_volume_clash_with_organic_cofactors,clogp,0.9575509123882558,0.2587861964625875,3.7001622400161063,0.00021546167560089943,2.60530802607123,1.5688443846867868,4.326515731556314,53,187,187,True
tankbind,no_volume_clash_with_organic_cofactors,formal_charge,-0.10403702806019126,0.12299649917906548,-0.8458535710738245,0.39763443599979154,0.9011919274144631,0.7081454725608813,1.14686448124848,53,187,187,True
tankbind,no_volume_clash_with_organic_cofactors,n_halogens,0.001078979188600824,0.25460890869138225,0.004237790398405428,0.996618742589789,1.0010795614960593,0.6077781721726695,1.648891543542352,53,187,187,True
tankbind,aromatic_ring_flatness_passes,mw,0.4919953878077739,0.3825295789549365,1.2861629920276907,0.19838618376399453,1.6355765755942766,0.7727893247062313,3.4616300317678674,71,340,340,True
tankbind,aromatic_ring_flatness_passes,n_rotatable_bonds,-0.15568484086447043,0.2783592867824802,-0.5592945817041416,0.5759606925860177,0.8558288701596425,0.4959604875041751,1.4768173543110417,71,340,340,True
tankbind,aromatic_ring_flatness_passes,n_aromatic_rings,0.08151799776822555,0.1953980426358725,0.41718942865838066,0.676539856903505,1.084932743776348,0.7397410189377476,1.5912042571443927,71,340,340,True
tankbind,aromatic_ring_flatness_passes,n_stereocentres,-0.24762575426795477,0.3127755854126283,-0.7917042308186402,0.4285331548238086,0.7806520443116384,0.42288515544862737,1.441094837300273,71,340,340,True
tankbind,aromatic_ring_flatness_passes,clogp,-0.035052178319898895,0.2616868000188509,-0.1339470631203938,0.8934444345912155,0.9655550339037056,0.5781344172294398,1.6125947456381802,71,340,340,True
tankbind,aromatic_ring_flatness_passes,formal_charge,0.24386690260320443,0.10843096559956279,2.2490522080547417,0.024509174671478222,1.276174463686317,1.0318425785086764,1.5783621413635671,71,340,340,True
tankbind,aromatic_ring_flatness_passes,n_halogens,0.045934669562766435,0.1603593149739247,0.2864484022660964,0.7745347073751481,1.047006007362296,0.7646295488041798,1.433663636419937,71,340,340,True
tankbind,no_clashes_with_organic_cofactors,mw,-1.7597790542255638,0.5370382972096628,-3.276822273884382,0.001049824284737007,0.17208288060839508,0.060063389963251224,0.4930210868317802,81,187,187,True
tankbind,no_clashes_with_organic_cofactors,n_rotatable_bonds,0.829221378710907,0.3409301652024304,2.4322323553228244,0.015006077327502915,2.291533808453467,1.1746973426238594,4.4701958579016505,81,187,187,True
tankbind,no_clashes_with_organic_cofactors,n_aromatic_rings,0.6614326488290467,0.28698221840394816,2.3047861728423626,0.021178551881662195,1.9375661988867718,1.1040197493003368,3.4004489298744005,81,187,187,True
tankbind,no_clashes_with_organic_cofactors,n_stereocentres,1.148710662506059,0.34077034866087197,3.3709231657629743,0.0007491674921721877,3.154123557106375,1.6173888892312411,6.150960650052429,81,187,187,True
tankbind,no_clashes_with_organic_cofactors,clogp,0.8418911133545656,0.23661667060026,3.5580380334945025,0.00037363522195952296,2.3207516339400707,1.4595540747823534,3.690091541992812,81,187,187,True
tankbind,no_clashes_with_organic_cofactors,formal_charge,0.006841569282771418,0.18889252488455124,0.03621937547265515,0.971107436731764,1.006865026281612,0.6953214819294554,1.457997785910381,81,187,187,True
tankbind,no_clashes_with_organic_cofactors,n_halogens,0.21202870810497476,0.19665390415228515,1.0781820428074678,0.28095252404212323,1.2361833730511465,0.8407962987785476,1.8175024486050932,81,187,187,True
tankbind,no_clashes_with_inorganic_cofactors,mw,-0.6338504530215651,0.7447846878428851,-0.8510519393965817,0.3947405012383204,0.5305450243349499,0.12324246332394237,2.283937007220544,19,187,187,True
tankbind,no_clashes_with_inorganic_cofactors,n_rotatable_bonds,0.018791651840420358,0.5888474587672591,0.03191259732997799,0.974541752540664,1.0189693261159105,0.32131666084229665,3.2313870212746707,19,187,187,True
tankbind,no_clashes_with_inorganic_cofactors,n_aromatic_rings,0.4097286856135042,0.4580550947766291,0.8944965142529605,0.3710562939610784,1.5064090192244652,0.6138265988091829,3.696920494490092,19,187,187,True
tankbind,no_clashes_with_inorganic_cofactors,n_stereocentres,0.34923990576024355,0.3984242899183226,0.8765527469016462,0.38072961461220123,1.4179893333482556,0.6494318644160225,3.096081143627703,19,187,187,True
tankbind,no_clashes_with_inorganic_cofactors,clogp,0.07258017260899755,0.43860733327266166,0.16547870293786868,0.8685672113296057,1.075279010558167,0.455174505967676,2.540179503438752,19,187,187,True
tankbind,no_clashes_with_inorganic_cofactors,formal_charge,-0.08332031390216461,0.10502056172358502,-0.7933714363618085,0.4275614474806494,0.9200563931622283,0.7488947451445989,1.130337436718485,19,187,187,True
tankbind,no_clashes_with_inorganic_cofactors,n_halogens,-0.011866028187323035,0.2612626457152881,-0.04541800514511393,0.9637741297653531,0.9882040954879296,0.5921878357564058,1.6490499726185126,19,187,187,True
unimol,bond_lengths_within_bounds,mw,3.851319887210525,0.6666306534160562,5.777291919408403,7.591251373680849e-09,47.05512972609769,12.740014846957935,173.79769648138088,269,427,427,True
unimol,bond_lengths_within_bounds,n_rotatable_bonds,0.5648383134939395,0.3022468983744571,1.8687977164753398,0.06165096269472021,1.7591633267541964,0.972821446596198,3.1811136781829523,269,427,427,True
unimol,bond_lengths_within_bounds,n_aromatic_rings,-0.8844270828634224,0.3787446737980904,-2.335153849146701,0.01953538507765861,0.4129506920477881,0.19656679085747433,0.8675334898578718,269,427,427,True
unimol,bond_lengths_within_bounds,n_stereocentres,-0.39076401258215543,0.34678258273363194,-1.1268271015857396,0.2598155895691847,0.676539792081102,0.34285578051546933,1.3349814011623162,269,427,427,True
unimol,bond_lengths_within_bounds,clogp,0.4162270882850591,0.29226465846090005,1.4241444397586753,0.15440466437769074,1.5162301478822617,0.855045054380195,2.688693244373574,269,427,427,True
unimol,bond_lengths_within_bounds,formal_charge,-0.354080985178065,0.2607405204963828,-1.3579821981791937,0.17446933293601474,0.7018181281877796,0.4209997602988989,1.1699500367964621,269,427,427,True
unimol,bond_lengths_within_bounds,n_halogens,-0.40065589748994673,0.2504900233812955,-1.599488443019022,0.1097121145045632,0.6698805289548153,0.4099962269841203,1.09449768934133,269,427,427,True
unimol,bond_angles_within_bounds,mw,4.636928200153411,0.7537464803047451,6.15184060067341,7.658883446547087e-10,103.22676809229753,23.561458091031593,452.2540841747385,284,427,427,True
unimol,bond_angles_within_bounds,n_rotatable_bonds,0.26048026411695574,0.37140878877126493,0.7013303723336891,0.48309686344161895,1.297553105243356,0.6265870389429248,2.6870074806638913,284,427,427,True
unimol,bond_angles_within_bounds,n_aromatic_rings,-1.2726018093489178,0.39585675645568486,-3.214803811214934,0.001305337024373782,0.28010190114799244,0.12893243196770288,0.6085131089931891,284,427,427,True
unimol,bond_angles_within_bounds,n_stereocentres,-1.294161572477375,0.38009927451084613,-3.4047988493081065,0.0006621280662348564,0.27412760413591863,0.1301402633836972,0.5774227083569322,284,427,427,True
unimol,bond_angles_within_bounds,clogp,-0.3328048313595969,0.27507678390060075,-1.2098615762494018,0.2263320133407174,0.7169100988720364,0.41813730447577363,1.2291658370665446,284,427,427,True
unimol,bond_angles_within_bounds,formal_charge,0.005386656978676207,0.13356816527296794,0.04032889848915504,0.9678309148517887,1.0054011911004366,0.7738307206851466,1.306269611745564,284,427,427,True
unimol,bond_angles_within_bounds,n_halogens,0.3001577090494163,0.28310117656837,1.060248892949857,0.2890313830887181,1.3500717093132162,0.775140945498031,2.351435091739118,284,427,427,True
unimol,no_internal_clashes,mw,1.1376371022255725,0.47084872511642445,2.416141409205843,0.015685968181708466,3.119388853124714,1.2396022460324374,7.849765397040181,66,427,427,True
unimol,no_internal_clashes,n_rotatable_bonds,0.5424504570998265,0.26628915411800036,2.0370730415082967,0.04164272297719303,1.720217019682074,1.0207455641745005,2.89900509849093,66,427,427,True
unimol,no_internal_clashes,n_aromatic_rings,0.48679537835844666,0.2579187575116665,1.8873981212336888,0.05910679763958566,1.6270936367421323,0.9814579612568592,2.697449923720037,66,427,427,True
unimol,no_internal_clashes,n_stereocentres,0.05342714883342219,0.32846906246459695,0.16265504103352404,0.870790047522925,1.0548801397194663,0.5541275502465423,2.008151568496218,66,427,427,True
unimol,no_internal_clashes,clogp,0.467974011675855,0.23422300823792658,1.9979848060036924,0.045718307396866775,1.596755905137786,1.0089451217881171,2.527024875321042,66,427,427,True
unimol,no_internal_clashes,formal_charge,-0.3204266029938139,0.09270087280043948,-3.4565651143717693,0.000547107009787926,0.7258393257870983,0.6052480076085642,0.8704575979369397,66,427,427,True
unimol,no_internal_clashes,n_halogens,-0.04957359059194247,0.16608728574853326,-0.29847914226860234,0.7653374930765413,0.9516351241674724,0.687221454281154,1.3177839601886765,66,427,427,True
unimol,energy_ratio_within_threshold,mw,1.2659830061186015,0.49204135509810953,2.572919924314438,0.010084453688713246,3.546577330355485,1.3520198658948415,9.303273625988092,165,427,427,True
unimol,energy_ratio_within_threshold,n_rotatable_bonds,0.7774703245730935,0.24987721899438023,3.111409386185697,0.0018619660863352001,2.1759608227334515,1.333383870738136,3.5509695339645453,165,427,427,True
unimol,energy_ratio_within_threshold,n_aromatic_rings,-0.43462289156918116,0.27887212141158624,-1.5585024755046166,0.11911418163082456,0.6475088020707497,0.37486016877067924,1.1184641199251668,165,427,427,True
unimol,energy_ratio_within_threshold,n_stereocentres,0.28822440284900236,0.29091518538446276,0.9907506288064531,0.3218073624706931,1.334056636646587,0.754304698596262,2.359400800621797,165,427,427,True
unimol,energy_ratio_within_threshold,clogp,0.2576761285823174,0.225177384100833,1.1443250822512963,0.2524888449898597,1.293919687152104,0.8322158519340549,2.011771528875498,165,427,427,True
unimol,energy_ratio_within_threshold,formal_charge,0.04357603426282089,0.1804609595073959,0.2414707002654222,0.8091903224898939,1.044539412076937,0.7333582533889296,1.487762056730271,165,427,427,True
unimol,energy_ratio_within_threshold,n_halogens,-0.3474802255536612,0.1507681324620117,-2.304732570997482,0.02118155554979753,0.7064659837651261,0.525723255359143,0.9493477435695249,165,427,427,True
unimol,sp3_stereochemistry_preserved,mw,-0.05413829442183621,0.4469017365743714,-0.12114138297340618,0.9035790516520741,0.9473010909859669,0.39453413991344166,2.2745290361439507,169,249,249,True
unimol,sp3_stereochemistry_preserved,n_rotatable_bonds,-0.21517416059504116,0.2662247489116125,-0.808242514922907,0.41895098762565575,0.8064009846714425,0.47856411747400524,1.3588201127812185,169,249,249,True
unimol,sp3_stereochemistry_preserved,n_aromatic_rings,-0.470863919118016,0.2985200641534723,-1.577327542298597,0.11472017815470711,0.6244625500443487,0.3478609341725782,1.121003936056901,169,249,249,True
unimol,sp3_stereochemistry_preserved,n_stereocentres,1.465020099790953,0.3401010287337735,4.307602671022059,1.6503349719450902e-05,4.327630223889416,2.222059197424499,8.428390826143824,169,249,249,True
unimol,sp3_stereochemistry_preserved,clogp,0.45695051219346056,0.2705754871184682,1.688809718351871,0.09125590083596619,1.5792507286610453,0.9292590808116505,2.6838939919726785,169,249,249,True
unimol,sp3_stereochemistry_preserved,formal_charge,-0.07074702926706443,0.13108298807342061,-0.5397117528892342,0.5893958334855857,0.931697554531734,0.720604407052674,1.2046281213722314,169,249,249,True
unimol,sp3_stereochemistry_preserved,n_halogens,-0.14345818526338192,0.20434644219538886,-0.7020341715869575,0.48265785317666987,0.8663570259207107,0.5804394137698294,1.293114283000458,169,249,249,True
unimol,no_volume_clash_with_protein,mw,0.25049009800242705,0.30140891870729836,0.8310639880091963,0.40593748223801107,1.2846548692136392,0.7115849113276902,2.3192427308711148,213,427,427,True
unimol,no_volume_clash_with_protein,n_rotatable_bonds,0.23302513316985213,0.18793593472515546,1.2399179194263024,0.21500575521042564,1.262413207374111,0.8734341572792388,1.8246219166845394,213,427,427,True
unimol,no_volume_clash_with_protein,n_aromatic_rings,-0.17103639585381888,0.17064790771568872,-1.0022765479127784,0.31621004602062774,0.8427908988190549,0.6032038081793244,1.1775398124162189,213,427,427,True
unimol,no_volume_clash_with_protein,n_stereocentres,-0.014077461360742066,0.20059958421322313,-0.07017692193109794,0.944052842661089,0.9860211627636045,0.665480846796039,1.4609552447655472,213,427,427,True
unimol,no_volume_clash_with_protein,clogp,0.020701656984232666,0.15268928376015328,0.13558028745980075,0.8921530898668875,1.0209174226151052,0.7568699476218494,1.3770825319118283,213,427,427,True
unimol,no_volume_clash_with_protein,formal_charge,0.017196942544112876,0.09654931735966718,0.1781156305854606,0.8586321668804662,1.0173456612397322,0.8419486585331265,1.2292818379763308,213,427,427,True
unimol,no_volume_clash_with_protein,n_halogens,-0.12692733859376143,0.12167044910758021,-1.0432059676342045,0.2968529101979771,0.8807976702693818,0.6939210839508294,1.1180011011265705,213,427,427,True
unimol,no_clashes_with_protein,mw,0.5022098115018839,0.47569198172455657,1.055745799374609,0.2910843667462282,1.652368662467396,0.6504249630494487,4.197751242362322,350,427,427,True
unimol,no_clashes_with_protein,n_rotatable_bonds,0.335656363745892,0.24250166058888234,1.3841404752891016,0.16631544549650423,1.3988582438018409,0.8696728633368574,2.2500465045491773,350,427,427,True
unimol,no_clashes_with_protein,n_aromatic_rings,-0.18653640811500896,0.28848307897050846,-0.6466112632348829,0.5178835665672693,0.8298283489153844,0.4714449904102406,1.460647801272458,350,427,427,True
unimol,no_clashes_with_protein,n_stereocentres,0.0896417761187094,0.30367989722836014,0.29518508448157466,0.7678524954770478,1.0937823945427123,0.6031677761136036,1.9834612756008059,350,427,427,True
unimol,no_clashes_with_protein,clogp,0.08761424101583667,0.21210923702959977,0.41306188378590103,0.679561274647672,1.0915669590384518,0.7202821819693939,1.6542383747528033,350,427,427,True
unimol,no_clashes_with_protein,formal_charge,-0.009366033528205746,0.10399802422964377,-0.09005972563021092,0.9282397534080586,0.9906776911484119,0.8079958024342667,1.2146626068877282,350,427,427,True
unimol,no_clashes_with_protein,n_halogens,0.003775852225823489,0.14184792128467988,0.026619016984010577,0.9787636052736653,1.0037829897364068,0.7601488840863818,1.325503873751211,350,427,427,True
unimol,no_volume_clash_with_organic_cofactors,mw,-1.6623006301308403,0.7319844096939655,-2.2709508674178314,0.023149952419653404,0.18970204344239514,0.04518619268521994,0.7964128674640781,19,186,186,True
unimol,no_volume_clash_with_organic_cofactors,n_rotatable_bonds,0.7880631450441988,0.5248144021387896,1.501603503700708,0.1331995379553717,2.1991328972196724,0.7861920470600819,6.151404758822499,19,186,186,True
unimol,no_volume_clash_with_organic_cofactors,n_aromatic_rings,0.10000445388218827,0.32938411258738537,0.30361043553871214,0.7614247002610857,1.1051758403876764,0.5795075754668109,2.1076750156246375,19,186,186,True
unimol,no_volume_clash_with_organic_cofactors,n_stereocentres,0.5836714696231361,0.5197804624282916,1.1229192165022148,0.26147180532123293,1.7926078689612455,0.6472132008361281,4.965045471430997,19,186,186,True
unimol,no_volume_clash_with_organic_cofactors,clogp,0.703413522298236,0.4231567727433162,1.662300044822682,0.09645262882881572,2.020638442860081,0.8816514238970576,4.631058949257417,19,186,186,True
unimol,no_volume_clash_with_organic_cofactors,formal_charge,-0.06594761434058259,0.10940106792418222,-0.6028059468878859,0.5466377901469479,0.9361799054087602,0.7555043289723589,1.160063260634501,19,186,186,True
unimol,no_volume_clash_with_organic_cofactors,n_halogens,0.18276397639552197,0.29253454160046577,0.6247603287995136,0.532128371344501,1.2005310209802644,0.6766553706494034,2.1299982160086723,19,186,186,True
unimol,aromatic_ring_flatness_passes,mw,0.040853129495037006,0.3620296457868672,0.11284470752731647,0.9101536732060523,1.0416990994369586,0.512368115045429,2.1178855239100063,89,340,340,True
unimol,aromatic_ring_flatness_passes,n_rotatable_bonds,0.14354512118210616,0.23639419352607624,0.6072277793332176,0.5436997591762435,1.1543588956699808,0.7263095451602334,1.8346784355125627,89,340,340,True
unimol,aromatic_ring_flatness_passes,n_aromatic_rings,0.4282895185364861,0.19787262818300905,2.1644707631839224,0.03042823808114913,1.5346303205811371,1.0412962109429784,2.2616909541178853,89,340,340,True
unimol,aromatic_ring_flatness_passes,n_stereocentres,0.20214618474775856,0.2753541017082418,0.7341317361669357,0.46286845302881807,1.2240269291011598,0.7135249047736094,2.0997752329894994,89,340,340,True
unimol,aromatic_ring_flatness_passes,clogp,0.07778722719666925,0.21348288256848943,0.3643721981864921,0.7155800932566059,1.0808926496419542,0.7113209575464194,1.6424778542726421,89,340,340,True
unimol,aromatic_ring_flatness_passes,formal_charge,-0.12333377611993304,0.15578835558561743,-0.7916751907182937,0.42855009181391357,0.8839685657174129,0.6513726703447354,1.19962113971246,89,340,340,True
unimol,aromatic_ring_flatness_passes,n_halogens,0.28686882463299446,0.15877323708558788,1.8067832457075603,0.07079608202669395,1.3322494437034613,0.9759723706172014,1.8185848633458228,89,340,340,True
unimol,no_clashes_with_organic_cofactors,mw,-1.1967484706863196,0.5123831697708842,-2.335651405610091,0.01950941707737413,0.30217514762772196,0.11069229660476693,0.8248976906664286,49,186,186,True
unimol,no_clashes_with_organic_cofactors,n_rotatable_bonds,0.6687922120333901,0.3446172398027338,1.9406812393257544,0.0522969533263864,1.9518784411160766,0.9933768638615481,3.8352307039684783,49,186,186,True
unimol,no_clashes_with_organic_cofactors,n_aromatic_rings,0.2159018660422766,0.27731342729866265,0.7785481869572559,0.43624591066855234,1.2409805906881628,0.7206350341001673,2.1370496209467924,49,186,186,True
unimol,no_clashes_with_organic_cofactors,n_stereocentres,1.0909754758369197,0.34002477128074843,3.208517637487456,0.001334211255304128,2.9771768206033378,1.5288857013212545,5.797412987431264,49,186,186,True
unimol,no_clashes_with_organic_cofactors,clogp,0.46119338557065487,0.2313742999581535,1.9932783617457366,0.04623097447196409,1.5859655244744955,1.00773787451191,2.4959731180490965,49,186,186,True
unimol,no_clashes_with_organic_cofactors,formal_charge,0.06835192090969737,0.1178782078812712,0.5798520535580463,0.5620143912234026,1.070742058701095,0.8498587488760473,1.3490342457351996,49,186,186,True
unimol,no_clashes_with_organic_cofactors,n_halogens,0.20750558351812406,0.23578426553262385,0.8800654405389614,0.37882385960559994,1.2306045879239302,0.7752086306275786,1.9535226931019032,49,186,186,True
unimol,no_clashes_with_inorganic_cofactors,mw,0.20768686507288456,1.112305470960324,0.186717471499601,0.8518821567340904,1.230827694058827,0.13912370218825942,10.889135270510463,11,186,186,False
unimol,no_clashes_with_inorganic_cofactors,n_rotatable_bonds,0.23373148360902382,0.7132249972261125,0.32771072875748397,0.7431303906079181,1.2633052285002249,0.31218359340729185,5.11218441346421,11,186,186,False
unimol,no_clashes_with_inorganic_cofactors,n_aromatic_rings,0.6279008421741477,0.5192157099624893,1.20932558496643,0.22653778523286816,1.8736733122412046,0.6772307314667543,5.1838339843224714,11,186,186,False
unimol,no_clashes_with_inorganic_cofactors,n_stereocentres,-1.1234488027167777,0.9062617742691811,-1.239651538456136,0.21510430905701494,0.3251564581772428,0.05504032168262226,1.920895791707371,11,186,186,False
unimol,no_clashes_with_inorganic_cofactors,clogp,-0.09519071208970951,0.42739699983017,-0.22272199413550958,0.8237518824396844,0.90919952259197,0.39342161169602935,2.1011651299933125,11,186,186,False
unimol,no_clashes_with_inorganic_cofactors,formal_charge,-0.2042663954232572,0.11296167899611846,-1.8082804473035152,0.07056286342625662,0.8152451646764647,0.6533337237241984,1.01728206335316,11,186,186,False
unimol,no_clashes_with_inorganic_cofactors,n_halogens,-0.30723089658530106,0.18416910164864453,-1.668200006597373,0.09527602960125313,0.7354807613039759,0.5126326855305993,1.0552037853153777,11,186,186,False
gold,energy_ratio_within_threshold,mw,-0.3477387064115028,0.48250748168651864,-0.720690807106336,0.471099769673902,0.706283399429901,0.2743265777345937,1.8184028847284084,3,425,425,False
gold,energy_ratio_within_threshold,n_rotatable_bonds,-0.4230289728389044,0.4969184925520672,-0.8513045482898371,0.3946001990111405,0.6550596538990416,0.24734495901273923,1.7348368524633313,3,425,425,False
gold,energy_ratio_within_threshold,n_aromatic_rings,1.121337748149167,0.7170406655587653,1.5638412185107338,0.11785486172314794,3.068956949939945,0.7527394463862352,12.512293338420319,3,425,425,False
gold,energy_ratio_within_threshold,n_stereocentres,-0.9952511724123667,0.7168600340769551,-1.3883479690618745,0.165031111912056,0.36963059187608677,0.09069337013596561,1.5064692628120253,3,425,425,False
gold,energy_ratio_within_threshold,clogp,-1.9094432917372737,0.2540894378568546,-7.51484716500884,5.697745738544274e-14,0.14816284712132619,0.0900446663678186,0.24379266593565907,3,425,425,False
gold,energy_ratio_within_threshold,formal_charge,-0.041454046435124105,0.07572203288860782,-0.5474502579203834,0.5840694352571072,0.9593934218763516,0.8270695372697963,1.112887969466299,3,425,425,False
gold,energy_ratio_within_threshold,n_halogens,0.5192412891069006,0.12173597277217671,4.265306936665605,1.9962757215621375e-05,1.6807519609992168,1.323981079295621,2.1336612724901016,3,425,425,False
gold,no_clashes_with_protein,mw,0.11349652902708707,0.6626511996416476,0.1712764258005786,0.8640064160351911,1.1201880007434246,0.3056618184683383,4.105259738679237,19,425,425,True
gold,no_clashes_with_protein,n_rotatable_bonds,-0.31157637314072006,0.4417166351273518,-0.7053761356551336,0.48057619116369554,0.7322916809540412,0.3081017882228164,1.740499816919866,19,425,425,True
gold,no_clashes_with_protein,n_aromatic_rings,0.2759223029659592,0.37475459393289345,0.7362746379444466,0.461563577602252,1.3177454751346596,0.6321786794253782,2.746775862191726,19,425,425,True
gold,no_clashes_with_protein,n_stereocentres,0.6240801395710004,0.43742340978708366,1.4267186565866974,0.15366100581723646,1.8665282220638593,0.7919524002990106,4.399162882069017,19,425,425,True
gold,no_clashes_with_protein,clogp,-0.17270661336917842,0.36605006909705606,-0.4718114486228556,0.6370613783938345,0.8413844295798012,0.4105935162910217,1.7241571779656655,19,425,425,True
gold,no_clashes_with_protein,formal_charge,0.26341444084257515,0.14317873433338182,1.8397595290179949,0.06580354954626698,1.3013659464043925,0.9829365366512564,1.7229528696030854,19,425,425,True
gold,no_clashes_with_protein,n_halogens,0.19239125427553805,0.15718298100402509,1.2239954545117793,0.22095394226608445,1.2121446809885086,0.890758682201444,1.6494868442005866,19,425,425,True
